"Address","Occurrences","H2-1","H2-1 Length","H2-2","H2-2 Length","Indexability","Indexability Status"
"https://www.sofoservis.sk/stahovanie-pianina","7","Ako sťahujeme pianíno?","22","Sledujte nás na Instagrame","26","Indexable",""
"https://www.sofoservis.sk/en/moving-from-austria-to-slovakia","7","Austria to Slovakia — The Short Move Done Right","47","Follow Us on Instagram","22","Indexable",""
"https://www.sofoservis.sk/en/moving-bratislava-berlin","7","Bratislava–Berlin: Connecting Slovakia to the German Capital","60","Follow Us on Instagram","22","Indexable",""
"https://www.sofoservis.sk/en/moving-bratislava-brussels","7","Bratislava–Brussels: Professional EU Capital Removals","53","Follow Us on Instagram","22","Indexable",""
"https://www.sofoservis.sk/en/moving-bratislava-budapest","7","Bratislava–Budapest: Fast Cross-Border Removals","47","Follow Us on Instagram","22","Indexable",""
"https://www.sofoservis.sk/en/moving-bratislava-munich","7","Bratislava–Munich: A Popular Bavaria Relocation Route","53","Follow Us on Instagram","22","Indexable",""
"https://www.sofoservis.sk/en/moving-bratislava-prague","7","Bratislava–Prague: A Popular Neighbouring-Capital Route","55","Follow Us on Instagram","22","Indexable",""
"https://www.sofoservis.sk/en/moving-bratislava-vienna","7","Bratislava–Vienna: Europe's Most Convenient International Move","62","Follow Us on Instagram","22","Indexable",""
"https://www.sofoservis.sk/en/moving-bratislava-warsaw","7","Bratislava–Warsaw: Connecting Two EU Capitals","45","Follow Us on Instagram","22","Indexable",""
"https://www.sofoservis.sk/en/moving-bratislava-zurich","7","Bratislava–Zurich: Professional Non-EU Route","44","Follow Us on Instagram","22","Indexable",""
"https://www.sofoservis.sk/cennik","6","Cenník služieb","14","Sledujte nás na Instagrame","26","Indexable",""
"https://www.sofoservis.sk/en/construction-waste-removal-nitra","8","Complete Construction Waste Removal Services","44","Construction Waste Removal Throughout Nitra","43","Indexable",""
"https://www.sofoservis.sk/en/construction-waste-removal-senica","8","Complete Construction Waste Removal Services","44","Construction Waste Removal Throughout Senica","44","Indexable",""
"https://www.sofoservis.sk/en/construction-waste-removal-senec","8","Complete Construction Waste Removal Services","44","Construction Waste Removal Throughout Senec","43","Indexable",""
"https://www.sofoservis.sk/en/construction-waste-removal-trnava","8","Complete Construction Waste Removal Services","44","Construction Waste Removal Throughout Trnava","44","Indexable",""
"https://www.sofoservis.sk/en/construction-waste-removal-hlohovec","8","Complete Construction Waste Removal Services","44","Construction Waste Removal Throughout Hlohovec","46","Indexable",""
"https://www.sofoservis.sk/en/construction-waste-removal-bratislava","8","Complete Construction Waste Removal Services","44","Construction Waste Removal Throughout Bratislava","48","Indexable",""
"https://www.sofoservis.sk/en/construction-waste-removal-galanta","8","Complete Construction Waste Removal Services","44","Construction Waste Removal Throughout Galanta","45","Indexable",""
"https://www.sofoservis.sk/en/post-renovation-clearance","7","Complete Post-Renovation Solutions","34","Follow Us on Instagram","22","Indexable",""
"https://www.sofoservis.sk/en/property-land-junk-removal","7","Complete Property & Land Junk Removal Services","46","Follow Us on Instagram","22","Indexable",""
"https://www.sofoservis.sk/en/cottage-clearance","7","Complete Rural Property Solutions","33","Follow Us on Instagram","22","Indexable",""
"https://www.sofoservis.sk/en/apartment-moving","8","Comprehensive Apartment Moving Services","39","Service Areas","13","Indexable",""
"https://www.sofoservis.sk/en/construction-waste-removal","7","Comprehensive Construction Waste Removal & Disposal","51","Follow Us on Instagram","22","Indexable",""
"https://www.sofoservis.sk/en/demolition-services","7","Comprehensive Demolition & Removal Services","43","Follow Us on Instagram","22","Indexable",""
"https://www.sofoservis.sk/en/furniture-assembly","7","Comprehensive Furniture Assembly Services","41","Follow Us on Instagram","22","Indexable",""
"https://www.sofoservis.sk/en/furniture-removal","7","Comprehensive Furniture Removal & Disposal Services","51","Follow Us on Instagram","22","Indexable",""
"https://www.sofoservis.sk/en/handyman-services","7","Comprehensive Handyman Services","31","Follow Us on Instagram","22","Indexable",""
"https://www.sofoservis.sk/en/hazardous-waste-removal","7","Comprehensive Hazardous Waste & Appliance Removal Services","58","Follow Us on Instagram","22","Indexable",""
"https://www.sofoservis.sk/en/home-junk-removal","7","Comprehensive Home Junk Removal Services","40","Follow Us on Instagram","22","Indexable",""
"https://www.sofoservis.sk/en/kitchen-installation","7","Comprehensive Kitchen Installation Services","43","Follow Us on Instagram","22","Indexable",""
"https://www.sofoservis.sk/en","6","Comprehensive Moving & Clearance Services","41","Follow Us on Instagram","22","Indexable",""
"https://www.sofoservis.sk/en/office-moving","8","Comprehensive Office Moving Solutions","37","Service Areas","13","Indexable",""
"https://www.sofoservis.sk/en/furniture-moving-removal","7","Comprehensive Services for Furniture Moving and Transportation","62","Follow Us on Instagram","22","Indexable",""
"https://www.sofoservis.sk/en/wall-demolition","7","Comprehensive Wall & Partition Demolition Services","50","Follow Us on Instagram","22","Indexable",""
"https://www.sofoservis.sk/stahovanie-klavira","7","Čo zahŕňa sťahovanie klavíra?","29","Sledujte nás na Instagrame","26","Indexable",""
"https://www.sofoservis.sk/vypratavanie-chalupy","7","Čo zahŕňa vypratávanie chalupy","30","Sledujte nás na Instagrame","26","Indexable",""
"https://www.sofoservis.sk/vypratavanie-kancelarii","7","Čo zahŕňa vypratávanie kancelárií","33","Sledujte nás na Instagrame","26","Indexable",""
"https://www.sofoservis.sk/vypratavanie-po-rekonstrukcii","7","Čo zahŕňa vypratávanie po rekonštrukcii","39","Sledujte nás na Instagrame","26","Indexable",""
"https://www.sofoservis.sk/vypratavanie-pozostalosti","7","Čo zahŕňa vypratávanie pozostalosti","35","Sledujte nás na Instagrame","26","Indexable",""
"https://www.sofoservis.sk/en/moving-from-france-to-slovakia","7","France to Slovakia — Long-Distance Moving Experts","49","Follow Us on Instagram","22","Indexable",""
"https://www.sofoservis.sk/buracie-demolacne-prace","8","Komplexné búracie a demolačné služby","36","Sledujte nás na Instagrame","26","Indexable",""
"https://www.sofoservis.sk/buranie-demolacia-domov-bytov","7","Komplexné služby búrania a demolácie","36","Sledujte nás na Instagrame","26","Indexable",""
"https://www.sofoservis.sk/buranie-stien-priecok","7","Komplexné služby búrania stien a priečok","40","Sledujte nás na Instagrame","26","Indexable",""
"https://www.sofoservis.sk/cistenie-vypratavanie-pozemkov-nehnutelnosti","7","Komplexné služby čistenia a vypratávania pozemkov","49","Sledujte nás na Instagrame","26","Indexable",""
"https://www.sofoservis.sk/likvidacia-nebezpecneho-odpadu-starych-spotrebicov","7","Komplexné služby likvidácie nebezpečného odpadu a spotrebičov","61","Sledujte nás na Instagrame","26","Indexable",""
"https://www.sofoservis.sk/stahovanie-preprava-nabytku","7","Komplexné služby sťahovania a prepravy nábytku","46","Sledujte nás na Instagrame","26","Indexable",""
"https://www.sofoservis.sk/stahovanie-kancelarii-firiem","7","Komplexné služby sťahovania kancelárií a firiem","47","Sledujte nás na Instagrame","26","Indexable",""
"https://www.sofoservis.sk/stahovanie-tazkych-bremien","7","Komplexné služby sťahovania ťažkých bremien","43","Sledujte nás na Instagrame","26","Indexable",""
"https://www.sofoservis.sk/vypratavanie-bytov-domov","7","Komplexné služby vypratávania bytov a domov","43","Sledujte nás na Instagrame","26","Indexable",""
"https://www.sofoservis.sk/stahovanie-samorin","8","Komplexné sťahovacie služby v Šamoríne","38","Sledujte nás na Instagrame","26","Indexable",""
"https://www.sofoservis.sk/stahovanie-senec","8","Komplexné sťahovacie služby v Senci","35","Sledujte nás na Instagrame","26","Indexable",""
"https://www.sofoservis.sk/stahovanie-senica","8","Komplexné sťahovacie služby v Senici","36","Sledujte nás na Instagrame","26","Indexable",""
"https://www.sofoservis.sk/stahovanie-stupava","8","Komplexné sťahovacie služby v Stupave","37","Sledujte nás na Instagrame","26","Indexable",""
"https://www.sofoservis.sk/stahovanie-trnava","8","Komplexné sťahovacie služby v Trnave","36","Sledujte nás na Instagrame","26","Indexable",""
"https://www.sofoservis.sk/vypratavanie-nove-mesto","8","Komplexné vypratávacie služby na Novom Meste","44","Sledujte nás na Instagrame","26","Indexable",""
"https://www.sofoservis.sk/vypratavanie-dubravka","8","Komplexné vypratávacie služby v Dúbravke","40","Sledujte nás na Instagrame","26","Indexable",""
"https://www.sofoservis.sk/vypratavanie-galanta","8","Komplexné vypratávacie služby v Galante","39","Sledujte nás na Instagrame","26","Indexable",""
"https://www.sofoservis.sk/vypratavanie-hlohovec","8","Komplexné vypratávacie služby v Hlohovci","40","Sledujte nás na Instagrame","26","Indexable",""
"https://www.sofoservis.sk/vypratavanie-karlova-ves","8","Komplexné vypratávacie služby v Karlovej Vsi","44","Sledujte nás na Instagrame","26","Indexable",""
"https://www.sofoservis.sk/vypratavanie-komarno","8","Komplexné vypratávacie služby v Komárne","39","Sledujte nás na Instagrame","26","Indexable",""
"https://www.sofoservis.sk/vypratavanie-levice","8","Komplexné vypratávacie služby v Leviciach","41","Sledujte nás na Instagrame","26","Indexable",""
"https://www.sofoservis.sk/vypratavanie-malacky","8","Komplexné vypratávacie služby v Malackách","41","Sledujte nás na Instagrame","26","Indexable",""
"https://www.sofoservis.sk/vypratavanie-nitra","8","Komplexné vypratávacie služby v Nitre","37","Sledujte nás na Instagrame","26","Indexable",""
"https://www.sofoservis.sk/vypratavanie-petrzalka","8","Komplexné vypratávacie služby v Petržalke","41","Sledujte nás na Instagrame","26","Indexable",""
"https://www.sofoservis.sk/vypratavanie-pezinok","8","Komplexné vypratávacie služby v Pezinku","39","Sledujte nás na Instagrame","26","Indexable",""
"https://www.sofoservis.sk/vypratavanie-piestany","8","Komplexné vypratávacie služby v Piešťanoch","42","Sledujte nás na Instagrame","26","Indexable",""
"https://www.sofoservis.sk/vypratavanie-ruzinov","8","Komplexné vypratávacie služby v Ružinove","40","Sledujte nás na Instagrame","26","Indexable",""
"https://www.sofoservis.sk/vypratavanie-samorin","8","Komplexné vypratávacie služby v Šamoríne","40","Sledujte nás na Instagrame","26","Indexable",""
"https://www.sofoservis.sk/vypratavanie-senec","8","Komplexné vypratávacie služby v Senci","37","Sledujte nás na Instagrame","26","Indexable",""
"https://www.sofoservis.sk/vypratavanie-senica","8","Komplexné vypratávacie služby v Senici","38","Sledujte nás na Instagrame","26","Indexable",""
"https://www.sofoservis.sk/vypratavanie-stupava","8","Komplexné vypratávacie služby v Stupave","39","Sledujte nás na Instagrame","26","Indexable",""
"https://www.sofoservis.sk/vypratavanie-trnava","8","Komplexné vypratávacie služby v Trnave","38","Sledujte nás na Instagrame","26","Indexable",""
"https://www.sofoservis.sk/en/moving-from-slovakia","7","Moving from Slovakia — We Cover All Major Destinations","54","Follow Us on Instagram","22","Indexable",""
"https://www.sofoservis.sk/en/moving-from-usa-to-slovakia","7","Moving from the USA to Slovakia — Full Intercontinental Service","63","Follow Us on Instagram","22","Indexable",""
"https://www.sofoservis.sk/en/moving-to-amsterdam","7","Moving to Amsterdam — Reliable Long-Distance Service","52","Follow Us on Instagram","22","Indexable",""
"https://www.sofoservis.sk/en/moving-to-barcelona","7","Moving to Barcelona — Southern European Specialists","51","Follow Us on Instagram","22","Indexable",""
"https://www.sofoservis.sk/en/moving-to-berlin","7","Moving to Berlin — Slovakia to Germany's Capital","48","Follow Us on Instagram","22","Indexable",""
"https://www.sofoservis.sk/en/moving-to-brussels","7","Moving to Brussels — The EU Capital","35","Follow Us on Instagram","22","Indexable",""
"https://www.sofoservis.sk/en/moving-to-budapest","7","Moving to Budapest — Quick Cross-Border Service","47","Follow Us on Instagram","22","Indexable",""
"https://www.sofoservis.sk/en/moving-to-copenhagen","7","Moving to Copenhagen — Scandinavian Capital Service","51","Follow Us on Instagram","22","Indexable",""
"https://www.sofoservis.sk/en/moving-to-dublin","7","Moving to Dublin — Complete Island-Crossing Service","51","Follow Us on Instagram","22","Indexable",""
"https://www.sofoservis.sk/en/moving-to-frankfurt","7","Moving to Frankfurt — Germany's Financial Capital","49","Follow Us on Instagram","22","Indexable",""
"https://www.sofoservis.sk/en/moving-to-hamburg","7","Moving to Hamburg — North Germany Service","41","Follow Us on Instagram","22","Indexable",""
"https://www.sofoservis.sk/en/moving-to-lisbon","7","Moving to Lisbon — Long-Distance Iberian Route","46","Follow Us on Instagram","22","Indexable",""
"https://www.sofoservis.sk/en/moving-to-london","7","Moving to London — Post-Brexit Specialists","42","Follow Us on Instagram","22","Indexable",""
"https://www.sofoservis.sk/en/moving-to-munich","7","Moving to Munich — Slovakia's Gateway to Bavaria","48","Follow Us on Instagram","22","Indexable",""
"https://www.sofoservis.sk/en/moving-to-oslo","7","Moving to Oslo — Norwegian Customs Experts","42","Follow Us on Instagram","22","Indexable",""
"https://www.sofoservis.sk/en/moving-to-paris","7","Moving to Paris — Professionals in Long-Distance Removals","57","Follow Us on Instagram","22","Indexable",""
"https://www.sofoservis.sk/en/moving-to-prague","7","Moving to Prague — Fast, Affordable, Professional","49","Follow Us on Instagram","22","Indexable",""
"https://www.sofoservis.sk/en/moving-to-rome","7","Moving to Rome — Professional Italian Relocation","48","Follow Us on Instagram","22","Indexable",""
"https://www.sofoservis.sk/en/moving-to-slovakia","7","Moving to Slovakia — Trusted by Expats","38","Follow Us on Instagram","22","Indexable",""
"https://www.sofoservis.sk/en/moving-to-stockholm","7","Moving to Stockholm — Scandinavian Service","42","Follow Us on Instagram","22","Indexable",""
"https://www.sofoservis.sk/en/moving-to-vienna","7","Moving to Vienna — Slovakia's Closest International Destination","63","Follow Us on Instagram","22","Indexable",""
"https://www.sofoservis.sk/en/moving-to-warsaw","7","Moving to Warsaw — Reliable Slovakia–Poland Service","51","Follow Us on Instagram","22","Indexable",""
"https://www.sofoservis.sk/en/moving-to-zurich","7","Moving to Zurich — Swiss Customs Experts","40","Follow Us on Instagram","22","Indexable",""
"https://www.sofoservis.sk/en/moving-from-netherlands-to-slovakia","7","Netherlands to Slovakia — Reliable Long-Distance Removals","57","Follow Us on Instagram","22","Indexable",""
"https://www.sofoservis.sk/montaz-nabytku","7","Orientačné ceny našich služieb","30","Komplexné služby montáže nábytku","32","Indexable",""
"https://www.sofoservis.sk/stahovanie","8","Orientačné ceny našich služieb","30","Všetky sťahovacie služby na jednom mieste","41","Indexable",""
"https://www.sofoservis.sk/hodinovy-manzel-majster","8","Orientačné ceny našich služieb","30","Komplexné služby hodinového manžela","35","Indexable",""
"https://www.sofoservis.sk/stahovanie-bytov-domov","8","Orientačné ceny našich služieb","30","Komplexné služby sťahovania bytov a domov","41","Indexable",""
"https://www.sofoservis.sk/montaz-kuchyne","7","Orientačné ceny našich služieb","30","Komplexné služby montáže kuchyne","32","Indexable",""
"https://www.sofoservis.sk/vypratavanie","8","Orientačné ceny našich služieb","30","Všetky vypratávacie služby na jednom mieste","43","Indexable",""
"https://www.sofoservis.sk/medzinarodne-stahovanie","9","Orientačné ceny našich služieb","30","Komplexné služby pre medzinárodné sťahovanie","44","Indexable",""
"https://www.sofoservis.sk/medzinarodne-stahovanie/svedsko","6","Orientačné ceny našich služieb","30","Prečo sťahovať do Švédska cez Sofoservis","40","Indexable",""
"https://www.sofoservis.sk/medzinarodne-stahovanie/praha","6","Orientačné ceny našich služieb","30","Prečo sťahovať do Prahy cez Sofoservis","38","Indexable",""
"https://www.sofoservis.sk/medzinarodne-stahovanie/spanielsko","6","Orientačné ceny našich služieb","30","Prečo sťahovať do Španielska cez Sofoservis","43","Indexable",""
"https://www.sofoservis.sk/medzinarodne-stahovanie/holandsko","6","Orientačné ceny našich služieb","30","Prečo sťahovať do Holandska cez Sofoservis","42","Indexable",""
"https://www.sofoservis.sk/medzinarodne-stahovanie/norsko","6","Orientačné ceny našich služieb","30","Prečo sťahovať do Nórska cez Sofoservis","39","Indexable",""
"https://www.sofoservis.sk/medzinarodne-stahovanie/dublin","6","Orientačné ceny našich služieb","30","Prečo sťahovať do Dublinu cez Sofoservis","40","Indexable",""
"https://www.sofoservis.sk/medzinarodne-stahovanie/frankfurt","6","Orientačné ceny našich služieb","30","Prečo sťahovať do Frankfurtu cez Sofoservis","43","Indexable",""
"https://www.sofoservis.sk/medzinarodne-stahovanie/pariz","6","Orientačné ceny našich služieb","30","Prečo sťahovať do Paríža cez Sofoservis","39","Indexable",""
"https://www.sofoservis.sk/medzinarodne-stahovanie/zurich","6","Orientačné ceny našich služieb","30","Prečo sťahovať do Zürichu cez Sofoservis","40","Indexable",""
"https://www.sofoservis.sk/stahovanie-na-slovensko","6","Orientačné ceny našich služieb","30","Sťahovanie na Slovensko — Spoľahlivá preprava","45","Indexable",""
"https://www.sofoservis.sk/medzinarodne-stahovanie/nemecko","6","Orientačné ceny našich služieb","30","Prečo sťahovať do Nemecka cez Sofoservis","40","Indexable",""
"https://www.sofoservis.sk/medzinarodne-stahovanie/belgicko","6","Orientačné ceny našich služieb","30","Prečo sťahovať do Belgicka cez Sofoservis","41","Indexable",""
"https://www.sofoservis.sk/medzinarodne-stahovanie/budapest","6","Orientačné ceny našich služieb","30","Prečo sťahovať do Budapešti cez Sofoservis","42","Indexable",""
"https://www.sofoservis.sk/medzinarodne-stahovanie/brno","6","Orientačné ceny našich služieb","30","Prečo sťahovať do Brna cez Sofoservis","37","Indexable",""
"https://www.sofoservis.sk/medzinarodne-stahovanie/hamburg","6","Orientačné ceny našich služieb","30","Prečo sťahovať do Hamburgu cez Sofoservis","41","Indexable",""
"https://www.sofoservis.sk/medzinarodne-stahovanie/dansko","6","Orientačné ceny našich služieb","30","Prečo sťahovať do Dánska cez Sofoservis","39","Indexable",""
"https://www.sofoservis.sk/stahovanie-zo-slovenska","6","Orientačné ceny našich služieb","30","Sťahovanie zo Slovenska — Spoľahlivá preprava","45","Indexable",""
"https://www.sofoservis.sk/medzinarodne-stahovanie/irsko","6","Orientačné ceny našich služieb","30","Prečo sťahovať do Írska cez Sofoservis","38","Indexable",""
"https://www.sofoservis.sk/medzinarodne-stahovanie/ceska-republika","6","Orientačné ceny našich služieb","30","Prečo sťahovať do Česka cez Sofoservis","38","Indexable",""
"https://www.sofoservis.sk/medzinarodne-stahovanie/taliansko","6","Orientačné ceny našich služieb","30","Prečo sťahovať do Talianska cez Sofoservis","42","Indexable",""
"https://www.sofoservis.sk/medzinarodne-stahovanie/polsko","6","Orientačné ceny našich služieb","30","Prečo sťahovať do Poľska cez Sofoservis","39","Indexable",""
"https://www.sofoservis.sk/medzinarodne-stahovanie/brusel","6","Orientačné ceny našich služieb","30","Prečo sťahovať do Bruselu cez Sofoservis","40","Indexable",""
"https://www.sofoservis.sk/medzinarodne-stahovanie/amsterdam","6","Orientačné ceny našich služieb","30","Prečo sťahovať do Amsterdamu cez Sofoservis","43","Indexable",""
"https://www.sofoservis.sk/medzinarodne-stahovanie/berlin","6","Orientačné ceny našich služieb","30","Prečo sťahovať do Berlína cez Sofoservis","40","Indexable",""
"https://www.sofoservis.sk/medzinarodne-stahovanie/francuzsko","6","Orientačné ceny našich služieb","30","Prečo sťahovať do Francúzska cez Sofoservis","43","Indexable",""
"https://www.sofoservis.sk/medzinarodne-stahovanie/londyn","6","Orientačné ceny našich služieb","30","Prečo sťahovať do Londýna cez Sofoservis","40","Indexable",""
"https://www.sofoservis.sk/medzinarodne-stahovanie/rakusko","6","Orientačné ceny našich služieb","30","Prečo sťahovať do Rakúska cez Sofoservis","40","Indexable",""
"https://www.sofoservis.sk/medzinarodne-stahovanie/vieden","6","Orientačné ceny našich služieb","30","Prečo sťahovať do Viedne cez Sofoservis","39","Indexable",""
"https://www.sofoservis.sk/medzinarodne-stahovanie/madarsko","6","Orientačné ceny našich služieb","30","Prečo sťahovať do Maďarska cez Sofoservis","41","Indexable",""
"https://www.sofoservis.sk/medzinarodne-stahovanie/svajciarsko","6","Orientačné ceny našich služieb","30","Prečo sťahovať do Švajčiarska cez Sofoservis","44","Indexable",""
"https://www.sofoservis.sk/medzinarodne-stahovanie/anglicko","6","Orientačné ceny našich služieb","30","Prečo sťahovať do Anglicka cez Sofoservis","41","Indexable",""
"https://www.sofoservis.sk/medzinarodne-stahovanie/varsava","6","Orientačné ceny našich služieb","30","Prečo sťahovať do Varšavy cez Sofoservis","40","Indexable",""
"https://www.sofoservis.sk/medzinarodne-stahovanie/mnichov","6","Orientačné ceny našich služieb","30","Prečo sťahovať do Mníchova cez Sofoservis","41","Indexable",""
"https://www.sofoservis.sk/hodinovy-manzel-majster/levice","8","Orientačné ceny našich služieb","30","Kutilské služby v Leviciach","27","Indexable",""
"https://www.sofoservis.sk/vypratavanie-odvoz-stareho-nabytku/bratislava","8","Orientačné ceny našich služieb","30","Odvoz a likvidácia v Bratislave","31","Indexable",""
"https://www.sofoservis.sk/hodinovy-manzel-majster/trnava","8","Orientačné ceny našich služieb","30","Majstrovské služby v Trnave","27","Indexable",""
"https://www.sofoservis.sk/hodinovy-manzel-majster/sala","8","Orientačné ceny našich služieb","30","Majstrovské práce v Šali","24","Indexable",""
"https://www.sofoservis.sk/hodinovy-manzel-majster/nitra","8","Orientačné ceny našich služieb","30","Handyman služby v Nitre","23","Indexable",""
"https://www.sofoservis.sk/hodinovy-manzel-majster/galanta","8","Orientačné ceny našich služieb","30","Majstrovské služby v Galante","28","Indexable",""
"https://www.sofoservis.sk/hodinovy-manzel-majster/bratislava","8","Orientačné ceny našich služieb","30","Čo všetko vybaví náš majster?","29","Indexable",""
"https://www.sofoservis.sk/hodinovy-manzel-majster/piestany","8","Orientačné ceny našich služieb","30","Majstrovské služby v Piešťanoch","31","Indexable",""
"https://www.sofoservis.sk/stahovanie-z-francuzska-na-slovensko","6","Orientačné ceny našich služieb","30","Sťahovanie z Francúzska na Slovensko — Spoľahlivá preprava","58","Indexable",""
"https://www.sofoservis.sk/stahovanie-z-rakuska-na-slovensko","6","Orientačné ceny našich služieb","30","Sťahovanie z Rakúska na Slovensko — Spoľahlivá preprava","55","Indexable",""
"https://www.sofoservis.sk/stahovanie-z-holandska-na-slovensko","6","Orientačné ceny našich služieb","30","Sťahovanie z Holandska na Slovensko — Spoľahlivá preprava","57","Indexable",""
"https://www.sofoservis.sk/stahovanie-z-nemecka-na-slovensko","6","Orientačné ceny našich služieb","30","Sťahovanie z Nemecka na Slovensko — Spoľahlivá preprava","55","Indexable",""
"https://www.sofoservis.sk/stahovanie-z-anglie-na-slovensko","6","Orientačné ceny našich služieb","30","Sťahovanie z Anglicka na Slovensko — Spoľahlivá preprava","56","Indexable",""
"https://www.sofoservis.sk/stahovanie-z-usa-na-slovensko","6","Orientačné ceny našich služieb","30","Sťahovanie z USA na Slovensko — Spoľahlivá preprava","51","Indexable",""
"https://www.sofoservis.sk/en/clearance","8","Our Service Prices","18","All Clearance Services in One Place","35","Indexable",""
"https://www.sofoservis.sk/en/moving","8","Our Service Prices","18","All Moving Services in One Place","32","Indexable",""
"https://www.sofoservis.sk/stahovanie-bratislava","8","Profesionálne sťahovacie služby v Bratislave","44","Sledujte nás na Instagrame","26","Indexable",""
"https://www.sofoservis.sk/stahovanie-dubravka","8","Profesionálne sťahovacie služby v Dúbravke","42","Sledujte nás na Instagrame","26","Indexable",""
"https://www.sofoservis.sk/stahovanie-galanta","8","Profesionálne sťahovacie služby v Galante","41","Sledujte nás na Instagrame","26","Indexable",""
"https://www.sofoservis.sk/stahovanie-hlohovec","8","Profesionálne sťahovacie služby v Hlohovci","42","Sledujte nás na Instagrame","26","Indexable",""
"https://www.sofoservis.sk/stahovanie-karlova-ves","8","Profesionálne sťahovacie služby v Karlovej Vsi","46","Sledujte nás na Instagrame","26","Indexable",""
"https://www.sofoservis.sk/stahovanie-komarno","8","Profesionálne sťahovacie služby v Komárne","41","Sledujte nás na Instagrame","26","Indexable",""
"https://www.sofoservis.sk/stahovanie-levice","8","Profesionálne sťahovacie služby v Leviciach","43","Sledujte nás na Instagrame","26","Indexable",""
"https://www.sofoservis.sk/stahovanie-malacky","8","Profesionálne sťahovacie služby v Malackách","43","Sledujte nás na Instagrame","26","Indexable",""
"https://www.sofoservis.sk/stahovanie-nitra","8","Profesionálne sťahovacie služby v Nitre","39","Sledujte nás na Instagrame","26","Indexable",""
"https://www.sofoservis.sk/stahovanie-nove-mesto","8","Profesionálne sťahovacie služby v Novom Meste","45","Sledujte nás na Instagrame","26","Indexable",""
"https://www.sofoservis.sk/stahovanie-petrzalka","8","Profesionálne sťahovacie služby v Petržalke","43","Sledujte nás na Instagrame","26","Indexable",""
"https://www.sofoservis.sk/stahovanie-pezinok","8","Profesionálne sťahovacie služby v Pezinku","41","Sledujte nás na Instagrame","26","Indexable",""
"https://www.sofoservis.sk/stahovanie-piestany","8","Profesionálne sťahovacie služby v Piešťanoch","44","Sledujte nás na Instagrame","26","Indexable",""
"https://www.sofoservis.sk/stahovanie-ruzinov","8","Profesionálne sťahovacie služby v Ružinove","42","Sledujte nás na Instagrame","26","Indexable",""
"https://www.sofoservis.sk/stahovanie-sala","8","Profesionálne sťahovacie služby v Šali","38","Sledujte nás na Instagrame","26","Indexable",""
"https://www.sofoservis.sk/en/moving-bratislava","8","Professional Moving Services in Bratislava","42","Follow Us on Instagram","22","Indexable",""
"https://www.sofoservis.sk/en/moving-galanta","8","Professional Moving Services in Galanta","39","Follow Us on Instagram","22","Indexable",""
"https://www.sofoservis.sk/en/moving-hlohovec","8","Professional Moving Services in Hlohovec","40","Follow Us on Instagram","22","Indexable",""
"https://www.sofoservis.sk/en/moving-komarno","8","Professional Moving Services in Komárno","39","Follow Us on Instagram","22","Indexable",""
"https://www.sofoservis.sk/en/moving-levice","8","Professional Moving Services in Levice","38","Follow Us on Instagram","22","Indexable",""
"https://www.sofoservis.sk/en/moving-malacky","8","Professional Moving Services in Malacky","39","Follow Us on Instagram","22","Indexable",""
"https://www.sofoservis.sk/en/moving-nitra","8","Professional Moving Services in Nitra","37","Follow Us on Instagram","22","Indexable",""
"https://www.sofoservis.sk/en/moving-pezinok","8","Professional Moving Services in Pezinok","39","Follow Us on Instagram","22","Indexable",""
"https://www.sofoservis.sk/en/moving-piestany","8","Professional Moving Services in Piešťany","40","Follow Us on Instagram","22","Indexable",""
"https://www.sofoservis.sk/en/moving-sala","8","Professional Moving Services in Šaľa","36","Follow Us on Instagram","22","Indexable",""
"https://www.sofoservis.sk/en/moving-samorin","8","Professional Moving Services in Šamorín","39","Follow Us on Instagram","22","Indexable",""
"https://www.sofoservis.sk/en/moving-senec","8","Professional Moving Services in Senec","37","Follow Us on Instagram","22","Indexable",""
"https://www.sofoservis.sk/en/moving-senica","8","Professional Moving Services in Senica","38","Follow Us on Instagram","22","Indexable",""
"https://www.sofoservis.sk/en/moving-stupava","8","Professional Moving Services in Stupava","39","Follow Us on Instagram","22","Indexable",""
"https://www.sofoservis.sk/en/moving-trnava","8","Professional Moving Services in Trnava","38","Follow Us on Instagram","22","Indexable",""
"https://www.sofoservis.sk/en/pricing","6","Service Pricing","15","Follow Us on Instagram","22","Indexable",""
"https://www.sofoservis.sk/en/moving-from-slovakia-to-austria","7","Slovakia to Austria — The Convenient Cross-Border Move","54","Follow Us on Instagram","22","Indexable",""
"https://www.sofoservis.sk/en/moving-from-slovakia-to-france","7","Slovakia to France — Long-Distance Moving Professionals","55","Follow Us on Instagram","22","Indexable",""
"https://www.sofoservis.sk/en/moving-from-slovakia-to-germany","7","Slovakia to Germany — One of Our Most Popular Routes","52","Follow Us on Instagram","22","Indexable",""
"https://www.sofoservis.sk/en/moving-from-slovakia-to-ireland","7","Slovakia to Ireland — Specialist Removals Service","49","Follow Us on Instagram","22","Indexable",""
"https://www.sofoservis.sk/en/moving-from-slovakia-to-netherlands","7","Slovakia to Netherlands — Reliable Long-Distance Service","56","Follow Us on Instagram","22","Indexable",""
"https://www.sofoservis.sk/en/moving-from-slovakia-to-norway","7","Slovakia to Norway — Expert Non-EU Removals","43","Follow Us on Instagram","22","Indexable",""
"https://www.sofoservis.sk/en/moving-from-slovakia-to-sweden","7","Slovakia to Sweden — Scandinavian Moving Specialists","52","Follow Us on Instagram","22","Indexable",""
"https://www.sofoservis.sk/en/moving-from-slovakia-to-switzerland","7","Slovakia to Switzerland — Expert Non-EU Moving","46","Follow Us on Instagram","22","Indexable",""
"https://www.sofoservis.sk/en/basement-garage-junk-removal","7","Specialized Basement, Garage & Commercial Space Junk Removal","60","Follow Us on Instagram","22","Indexable",""
"https://www.sofoservis.sk/en/moving-heavy-loads","8","Specialized Services for Heavy and Bulky Items","46","Service Areas","13","Indexable",""
"https://www.sofoservis.sk/vypratavanie-pivnic-garazi-nebytovych-priestorov","7","Špecializované vypratávanie pivníc, garáží a nebytových priestorov","66","Sledujte nás na Instagrame","26","Indexable",""
"https://www.sofoservis.sk/stahovanie-trezorov","7","Sťahovanie trezorov podľa hmotnostnej kategórie","47","Sledujte nás na Instagrame","26","Indexable",""
"https://www.sofoservis.sk/stahovanie-stare-mesto","8","Sťahovanie v centre Bratislavy","30","Sledujte nás na Instagrame","26","Indexable",""
"https://www.sofoservis.sk/stahovanie-strojov-zariadeni","7","Typy zariadení, ktoré sťahujeme","31","Sledujte nás na Instagrame","26","Indexable",""
"https://www.sofoservis.sk/vypratavanie-stare-mesto","8","Vypratávacie služby na Starom Meste","35","Sledujte nás na Instagrame","26","Indexable",""
"https://www.sofoservis.sk/vypratavanie-bratislava","8","Vypratávanie vo všetkých mestských častiach Bratislavy","54","Sledujte nás na Instagrame","26","Indexable",""
"https://www.sofoservis.sk/en/office-clearance","7","What our office clearance includes","34","Follow Us on Instagram","22","Indexable",""
"https://www.sofoservis.sk/en/moving-from-germany-to-slovakia","7","Why Choose Sofoservis for Your Germany to Slovakia Move?","56","Follow Us on Instagram","22","Indexable",""
"https://www.sofoservis.sk/en/moving-from-slovakia-to-uk","7","Why Choose Sofoservis for Your Slovakia to UK Move?","51","Follow Us on Instagram","22","Indexable",""
"https://www.sofoservis.sk/en/moving-from-uk-to-slovakia","7","Why Choose Sofoservis for Your UK to Slovakia Move?","51","Follow Us on Instagram","22","Indexable",""
