"Path 1","Path 2","Path 3","URLs","Indexable","Non-Indexable"
"https/","","","485","474","11"
"","www.sofoservis.sk/","","485","474","11"
"","","_next/","191","191","0"
"","","en/","102","97","5"
"","","icons/","32","32","0"
"","","medzinarodne-stahovanie/","31","31","0"
"","","blog/","23","23","0"
"","","odvoz-likvidacia-stavebneho-odpadu/","7","7","0"
"","","hodinovy-manzel-majster/","7","7","0"
"","","sluzby/","6","0","6"
"","","buracie-demolacne-prace/","4","4","0"
"","","images/","3","3","0"
"","","stahovanie-senica","1","1","0"
"","","en","1","1","0"
"","","stahovanie-bratislava","1","1","0"
"","","montaz-nabytku","1","1","0"
"","","cennik","1","1","0"
"","","likvidacia-nebezpecneho-odpadu-starych-spotrebicov","1","1","0"
"","","buranie-stien-priecok","1","1","0"
"","","stahovanie-sala","1","1","0"
"","","kontakt","1","1","0"
"","","stahovanie-malacky","1","1","0"
"","","stahovanie-piestany","1","1","0"
"","","stahovanie","1","1","0"
"","","stahovanie-preprava-nabytku","1","1","0"
"","","hodinovy-manzel-majster","1","1","0"
"","","vypratavanie-pivnic-garazi-nebytovych-priestorov","1","1","0"
"","","stahovanie-hlohovec","1","1","0"
"","","stahovanie-levice","1","1","0"
"","","zasady-pouzivania-cookies","1","1","0"
"","","stahovanie-kancelarii-firiem","1","1","0"
"","","blog","1","1","0"
"","","stahovanie-tazkych-bremien","1","1","0"
"","","vypratavanie-odvoz-stareho-nabytku","1","1","0"
"","","stahovanie-bytov-domov","1","1","0"
"","","stahovanie-komarno","1","1","0"
"","","montaz-kuchyne","1","1","0"
"","","stahovanie-galanta","1","1","0"
"","","vypratavanie-bytov-domov","1","1","0"
"","","stahovanie-nitra","1","1","0"
"","","stahovanie-senec","1","1","0"
"","","buranie-demolacia-domov-bytov","1","1","0"
"","","vypratavanie","1","1","0"
"","","cistenie-vypratavanie-pozemkov-nehnutelnosti","1","1","0"
"","","zasady-spracovania-osobnych-udajov","1","1","0"
"","","odvoz-likvidacia-stavebneho-odpadu","1","1","0"
"","","referencie","1","1","0"
"","","stahovanie-pezinok","1","1","0"
"","","stahovanie-trnava","1","1","0"
"","","stahovanie-stupava","1","1","0"
"","","medzinarodne-stahovanie","1","1","0"
"","","stahovanie-samorin","1","1","0"
"","","stahovanie-na-slovensko","1","1","0"
"","","stahovanie-zo-slovenska","1","1","0"
"","","vypratavanie-po-rekonstrukcii","1","1","0"
"","","vypratavanie-pozostalosti","1","1","0"
"","","vypratavanie-senec","1","1","0"
"","","vypratavanie-samorin","1","1","0"
"","","vypratavanie-komarno","1","1","0"
"","","vypratavanie-stupava","1","1","0"
"","","vypratavanie-galanta","1","1","0"
"","","vypratavanie-pezinok","1","1","0"
"","","vypratavanie-trnava","1","1","0"
"","","vypratavanie-kancelarii","1","1","0"
"","","vypratavanie-chalupy","1","1","0"
"","","vypratavanie-senica","1","1","0"
"","","vypratavanie-levice","1","1","0"
"","","vypratavanie-nitra","1","1","0"
"","","vypratavanie-hlohovec","1","1","0"
"","","vypratavanie-piestany","1","1","0"
"","","vypratavanie-malacky","1","1","0"
"","","vypratavanie-odvoz-stareho-nabytku/","1","1","0"
"","","stahovanie-strojov-zariadeni","1","1","0"
"","","stahovanie-trezorov","1","1","0"
"","","stahovanie-klavira","1","1","0"
"","","buracie-demolacne-prace","1","1","0"
"","","stahovanie-karlova-ves","1","1","0"
"","","stahovanie-nove-mesto","1","1","0"
"","","stahovanie-stare-mesto","1","1","0"
"","","stahovanie-petrzalka","1","1","0"
"","","stahovanie-dubravka","1","1","0"
"","","stahovanie-ruzinov","1","1","0"
"","","vypratavanie-bratislava","1","1","0"
"","","stahovanie-pianina","1","1","0"
"","","stahovanie-z-francuzska-na-slovensko","1","1","0"
"","","stahovanie-z-rakuska-na-slovensko","1","1","0"
"","","stahovanie-z-holandska-na-slovensko","1","1","0"
"","","stahovanie-z-nemecka-na-slovensko","1","1","0"
"","","stahovanie-z-anglie-na-slovensko","1","1","0"
"","","stahovanie-z-usa-na-slovensko","1","1","0"
