"Address","Content Type","Status Code","Status","HTTP Version","Indexability","Indexability Status","Canonical Link Element 1","Meta Robots 1","X-Robots-Tag 1"
"https://www.sofoservis.sk/","text/html; charset=utf-8","200","OK","1.1","Indexable","","https://www.sofoservis.sk/","index, follow",""
"https://www.sofoservis.sk/_next/image?url=%2Fimages%2Fvideo4.webp&w=640&q=75","image/webp","200","OK","1.1","Indexable","","","",""
"https://www.sofoservis.sk/_next/static/chunks/4198-636afc07516a839e.js?dpl=dpl_3GP9ceHiL7vtr5UFShBBKPRvEpiA","application/javascript; charset=utf-8","200","OK","1.1","Indexable","","","",""
"https://www.sofoservis.sk/stahovanie-senica","text/html; charset=utf-8","200","OK","1.1","Indexable","","https://www.sofoservis.sk/stahovanie-senica","index, follow",""
"https://www.sofoservis.sk/en","text/html; charset=utf-8","200","OK","1.1","Indexable","","https://www.sofoservis.sk/en","index, follow",""
"https://www.sofoservis.sk/stahovanie-bratislava","text/html; charset=utf-8","200","OK","1.1","Indexable","","https://www.sofoservis.sk/stahovanie-bratislava","index, follow",""
"https://www.sofoservis.sk/montaz-nabytku","text/html; charset=utf-8","200","OK","1.1","Indexable","","https://www.sofoservis.sk/montaz-nabytku","index, follow",""
"https://www.sofoservis.sk/_next/image?url=%2Fimages%2Fvideo6.png&w=640&q=75","image/png","200","OK","1.1","Indexable","","","",""
"https://www.sofoservis.sk/_next/image?url=%2Fimages%2Fikea-logo.png&w=3840&q=75","image/png","200","OK","1.1","Indexable","","","",""
"https://www.sofoservis.sk/_next/static/chunks/4bd1b696-1269211526118284.js?dpl=dpl_3GP9ceHiL7vtr5UFShBBKPRvEpiA","application/javascript; charset=utf-8","200","OK","1.1","Indexable","","","",""
"https://www.sofoservis.sk/cennik","text/html; charset=utf-8","200","OK","1.1","Indexable","","https://www.sofoservis.sk/cennik","index, follow",""
"https://www.sofoservis.sk/_next/image?url=%2Fimages%2FBratislavaRuzinov.webp&w=3840&q=75","image/webp","200","OK","1.1","Indexable","","","",""
"https://www.sofoservis.sk/_next/image?url=%2Fimages%2FsofoClient3.webp&w=3840&q=75","image/jpeg","200","OK","1.1","Indexable","","","",""
"https://www.sofoservis.sk/likvidacia-nebezpecneho-odpadu-starych-spotrebicov","text/html; charset=utf-8","200","OK","1.1","Indexable","","https://www.sofoservis.sk/likvidacia-nebezpecneho-odpadu-starych-spotrebicov","index, follow",""
"https://www.sofoservis.sk/_next/image?url=%2Fimages%2Fvideo3.webp&w=3840&q=75","image/jpeg","200","OK","1.1","Indexable","","","",""
"https://www.sofoservis.sk/_next/image?url=%2Fimages%2Fvideo4.webp&w=3840&q=75","image/webp","200","OK","1.1","Indexable","","","",""
"https://www.sofoservis.sk/buranie-stien-priecok","text/html; charset=utf-8","200","OK","1.1","Indexable","","https://www.sofoservis.sk/buranie-stien-priecok","index, follow",""
"https://www.sofoservis.sk/stahovanie-sala","text/html; charset=utf-8","200","OK","1.1","Indexable","","https://www.sofoservis.sk/stahovanie-sala","index, follow",""
"https://www.sofoservis.sk/images/Reality_EXPO.svg","image/svg+xml","200","OK","1.1","Indexable","","","",""
"https://www.sofoservis.sk/_next/image?url=%2Fimages%2FsofoClient9.webp&w=3840&q=75","image/jpeg","200","OK","1.1","Indexable","","","",""
"https://www.sofoservis.sk/_next/static/chunks/app/page-5eb5ccd669a89fd3.js?dpl=dpl_3GP9ceHiL7vtr5UFShBBKPRvEpiA","application/javascript; charset=utf-8","200","OK","1.1","Indexable","","","",""
"https://www.sofoservis.sk/kontakt","text/html; charset=utf-8","200","OK","1.1","Indexable","","https://www.sofoservis.sk/kontakt","index, follow",""
"https://www.sofoservis.sk/icons/kitchen_icon.svg","image/svg+xml","200","OK","1.1","Indexable","","","",""
"https://www.sofoservis.sk/_next/image?url=%2Fimages%2Freview-avatar-1.png&w=3840&q=75","image/png","200","OK","1.1","Indexable","","","",""
"https://www.sofoservis.sk/_next/image?url=%2Fimages%2Fvideo6.png&w=3840&q=75","image/png","200","OK","1.1","Indexable","","","",""
"https://www.sofoservis.sk/_next/static/chunks/8173-8daa947b925a4397.js?dpl=dpl_3GP9ceHiL7vtr5UFShBBKPRvEpiA","application/javascript; charset=utf-8","200","OK","1.1","Indexable","","","",""
"https://www.sofoservis.sk/icons/repair_icon.svg","image/svg+xml","200","OK","1.1","Indexable","","","",""
"https://www.sofoservis.sk/images/Sofoservis_nove_logo_SVG.svg","image/svg+xml","200","OK","1.1","Indexable","","","",""
"https://www.sofoservis.sk/stahovanie-malacky","text/html; charset=utf-8","200","OK","1.1","Indexable","","https://www.sofoservis.sk/stahovanie-malacky","index, follow",""
"https://www.sofoservis.sk/stahovanie-piestany","text/html; charset=utf-8","200","OK","1.1","Indexable","","https://www.sofoservis.sk/stahovanie-piestany","index, follow",""
"https://www.sofoservis.sk/_next/image?url=%2Fimages%2Fvideo1.webp&w=640&q=75","image/jpeg","200","OK","1.1","Indexable","","","",""
"https://www.sofoservis.sk/_next/static/css/6604ef2f8accd734.css?dpl=dpl_3GP9ceHiL7vtr5UFShBBKPRvEpiA","text/css; charset=utf-8","200","OK","1.1","Indexable","","","",""
"https://www.sofoservis.sk/stahovanie","text/html; charset=utf-8","200","OK","1.1","Indexable","","https://www.sofoservis.sk/stahovanie","index, follow",""
"https://www.sofoservis.sk/_next/image?url=%2Fimages%2Fhomola.webp&w=3840&q=75","image/jpeg","200","OK","1.1","Indexable","","","",""
"https://www.sofoservis.sk/stahovanie-preprava-nabytku","text/html; charset=utf-8","200","OK","1.1","Indexable","","https://www.sofoservis.sk/stahovanie-preprava-nabytku","index, follow",""
"https://www.sofoservis.sk/icons/truck_icon.svg","image/svg+xml","200","OK","1.1","Indexable","","","",""
"https://www.sofoservis.sk/hodinovy-manzel-majster","text/html; charset=utf-8","200","OK","1.1","Indexable","","https://www.sofoservis.sk/hodinovy-manzel-majster","index, follow",""
"https://www.sofoservis.sk/_next/static/chunks/1517-ab94c30ec7054399.js?dpl=dpl_3GP9ceHiL7vtr5UFShBBKPRvEpiA","application/javascript; charset=utf-8","200","OK","1.1","Indexable","","","",""
"https://www.sofoservis.sk/icons/house_icon.svg","image/svg+xml","200","OK","1.1","Indexable","","","",""
"https://www.sofoservis.sk/vypratavanie-pivnic-garazi-nebytovych-priestorov","text/html; charset=utf-8","200","OK","1.1","Indexable","","https://www.sofoservis.sk/vypratavanie-pivnic-garazi-nebytovych-priestorov","index, follow",""
"https://www.sofoservis.sk/_next/static/chunks/app/layout-a1a8c149ea712912.js?dpl=dpl_3GP9ceHiL7vtr5UFShBBKPRvEpiA","application/javascript; charset=utf-8","200","OK","1.1","Indexable","","","",""
"https://www.sofoservis.sk/_next/image?url=%2Fimages%2Freview-avatar-3.png&w=3840&q=75","image/png","200","OK","1.1","Indexable","","","",""
"https://www.sofoservis.sk/stahovanie-hlohovec","text/html; charset=utf-8","200","OK","1.1","Indexable","","https://www.sofoservis.sk/stahovanie-hlohovec","index, follow",""
"https://www.sofoservis.sk/stahovanie-levice","text/html; charset=utf-8","200","OK","1.1","Indexable","","https://www.sofoservis.sk/stahovanie-levice","index, follow",""
"https://www.sofoservis.sk/_next/image?url=%2Fimages%2Fvideo3.webp&w=640&q=75","image/jpeg","200","OK","1.1","Indexable","","","",""
"https://www.sofoservis.sk/zasady-pouzivania-cookies","text/html; charset=utf-8","200","OK","1.1","Indexable","","https://www.sofoservis.sk/zasady-pouzivania-cookies","index, follow",""
"https://www.sofoservis.sk/stahovanie-kancelarii-firiem","text/html; charset=utf-8","200","OK","1.1","Indexable","","https://www.sofoservis.sk/stahovanie-kancelarii-firiem","index, follow",""
"https://www.sofoservis.sk/_next/image?url=%2Fimages%2FsofoClient8.webp&w=3840&q=75","image/webp","200","OK","1.1","Indexable","","","",""
"https://www.sofoservis.sk/blog","text/html; charset=utf-8","200","OK","1.1","Indexable","","https://www.sofoservis.sk/blog","index, follow",""
"https://www.sofoservis.sk/_next/static/chunks/7970-2d0d0ae21c946586.js?dpl=dpl_3GP9ceHiL7vtr5UFShBBKPRvEpiA","application/javascript; charset=utf-8","200","OK","1.1","Indexable","","","",""
"https://www.sofoservis.sk/_next/image?url=%2Fimages%2Fremax-logo.png&w=3840&q=75","image/png","200","OK","1.1","Indexable","","","",""
"https://www.sofoservis.sk/stahovanie-tazkych-bremien","text/html; charset=utf-8","200","OK","1.1","Indexable","","https://www.sofoservis.sk/stahovanie-tazkych-bremien","index, follow",""
"https://www.sofoservis.sk/_next/image?url=%2Fimages%2Freview-avatar-2.png&w=3840&q=75","image/png","200","OK","1.1","Indexable","","","",""
"https://www.sofoservis.sk/vypratavanie-odvoz-stareho-nabytku","text/html; charset=utf-8","200","OK","1.1","Indexable","","https://www.sofoservis.sk/vypratavanie-odvoz-stareho-nabytku","index, follow",""
"https://www.sofoservis.sk/stahovanie-bytov-domov","text/html; charset=utf-8","200","OK","1.1","Indexable","","https://www.sofoservis.sk/stahovanie-bytov-domov","index, follow",""
"https://www.sofoservis.sk/stahovanie-komarno","text/html; charset=utf-8","200","OK","1.1","Indexable","","https://www.sofoservis.sk/stahovanie-komarno","index, follow",""
"https://www.sofoservis.sk/_next/image?url=%2Fimages%2Fvideo2.webp&w=3840&q=75","image/jpeg","200","OK","1.1","Indexable","","","",""
"https://www.sofoservis.sk/_next/image?url=%2Fimages%2Fvideo7.png&w=3840&q=75","image/png","200","OK","1.1","Indexable","","","",""
"https://www.sofoservis.sk/montaz-kuchyne","text/html; charset=utf-8","200","OK","1.1","Indexable","","https://www.sofoservis.sk/montaz-kuchyne","index, follow",""
"https://www.sofoservis.sk/stahovanie-galanta","text/html; charset=utf-8","200","OK","1.1","Indexable","","https://www.sofoservis.sk/stahovanie-galanta","index, follow",""
"https://www.sofoservis.sk/vypratavanie-bytov-domov","text/html; charset=utf-8","200","OK","1.1","Indexable","","https://www.sofoservis.sk/vypratavanie-bytov-domov","index, follow",""
"https://www.sofoservis.sk/icons/briefcase_icon.svg","image/svg+xml","200","OK","1.1","Indexable","","","",""
"https://www.sofoservis.sk/_next/static/chunks/polyfills-42372ed130431b0a.js?dpl=dpl_3GP9ceHiL7vtr5UFShBBKPRvEpiA","application/javascript; charset=utf-8","200","OK","1.1","Indexable","","","",""
"https://www.sofoservis.sk/stahovanie-nitra","text/html; charset=utf-8","200","OK","1.1","Indexable","","https://www.sofoservis.sk/stahovanie-nitra","index, follow",""
"https://www.sofoservis.sk/_next/image?url=%2Fimages%2FsofoClient1.webp&w=3840&q=75","image/jpeg","200","OK","1.1","Indexable","","","",""
"https://www.sofoservis.sk/stahovanie-senec","text/html; charset=utf-8","200","OK","1.1","Indexable","","https://www.sofoservis.sk/stahovanie-senec","index, follow",""
"https://www.sofoservis.sk/buranie-demolacia-domov-bytov","text/html; charset=utf-8","200","OK","1.1","Indexable","","https://www.sofoservis.sk/buranie-demolacia-domov-bytov","index, follow",""
"https://www.sofoservis.sk/_next/image?url=%2Fimages%2Fvideo5.webp&w=3840&q=75","image/jpeg","200","OK","1.1","Indexable","","","",""
"https://www.sofoservis.sk/vypratavanie","text/html; charset=utf-8","200","OK","1.1","Indexable","","https://www.sofoservis.sk/vypratavanie","index, follow",""
"https://www.sofoservis.sk/_next/static/chunks/4125-b340aabeb450612e.js?dpl=dpl_3GP9ceHiL7vtr5UFShBBKPRvEpiA","application/javascript; charset=utf-8","200","OK","1.1","Indexable","","","",""
"https://www.sofoservis.sk/_next/static/chunks/5665-3ef2c46c7f612be0.js?dpl=dpl_3GP9ceHiL7vtr5UFShBBKPRvEpiA","application/javascript; charset=utf-8","200","OK","1.1","Indexable","","","",""
"https://www.sofoservis.sk/_next/static/chunks/webpack-d774a320cb421ed3.js?dpl=dpl_3GP9ceHiL7vtr5UFShBBKPRvEpiA","application/javascript; charset=utf-8","200","OK","1.1","Indexable","","","",""
"https://www.sofoservis.sk/_next/static/chunks/3060-d61d5b5a564ce1b8.js?dpl=dpl_3GP9ceHiL7vtr5UFShBBKPRvEpiA","application/javascript; charset=utf-8","200","OK","1.1","Indexable","","","",""
"https://www.sofoservis.sk/_next/image?url=%2Fimages%2Fvideo1.webp&w=3840&q=75","image/jpeg","200","OK","1.1","Indexable","","","",""
"https://www.sofoservis.sk/cistenie-vypratavanie-pozemkov-nehnutelnosti","text/html; charset=utf-8","200","OK","1.1","Indexable","","https://www.sofoservis.sk/cistenie-vypratavanie-pozemkov-nehnutelnosti","index, follow",""
"https://www.sofoservis.sk/zasady-spracovania-osobnych-udajov","text/html; charset=utf-8","200","OK","1.1","Indexable","","https://www.sofoservis.sk/zasady-spracovania-osobnych-udajov","index, follow",""
"https://www.sofoservis.sk/_next/image?url=%2Fimages%2Fsofo_bratislava_stahovanie.jpg&w=1200&q=75","image/jpeg","200","OK","1.1","Indexable","","","",""
"https://www.sofoservis.sk/_next/image?url=%2Fimages%2FsofoClient4.webp&w=3840&q=75","image/jpeg","200","OK","1.1","Indexable","","","",""
"https://www.sofoservis.sk/images/sofoClient6.svg","image/svg+xml","200","OK","1.1","Indexable","","","",""
"https://www.sofoservis.sk/odvoz-likvidacia-stavebneho-odpadu","text/html; charset=utf-8","200","OK","1.1","Indexable","","https://www.sofoservis.sk/odvoz-likvidacia-stavebneho-odpadu","index, follow",""
"https://www.sofoservis.sk/_next/image?url=%2Fimages%2Fvideo5.webp&w=640&q=75","image/jpeg","200","OK","1.1","Indexable","","","",""
"https://www.sofoservis.sk/_next/image?url=%2Fimages%2Fvideo2.webp&w=640&q=75","image/jpeg","200","OK","1.1","Indexable","","","",""
"https://www.sofoservis.sk/_next/static/chunks/main-app-1f899c2608d7174e.js?dpl=dpl_3GP9ceHiL7vtr5UFShBBKPRvEpiA","application/javascript; charset=utf-8","200","OK","1.1","Indexable","","","",""
"https://www.sofoservis.sk/_next/static/chunks/8219-e54c007eaebbf966.js?dpl=dpl_3GP9ceHiL7vtr5UFShBBKPRvEpiA","application/javascript; charset=utf-8","200","OK","1.1","Indexable","","","",""
"https://www.sofoservis.sk/referencie","text/html; charset=utf-8","200","OK","1.1","Indexable","","https://www.sofoservis.sk/referencie","index, follow",""
"https://www.sofoservis.sk/_next/image?url=%2Fimages%2Fsofoservis%20zamestnanci.jpg&w=3840&q=75","image/jpeg","200","OK","1.1","Indexable","","","",""
"https://www.sofoservis.sk/_next/static/chunks/7902-1f8dfc71bf6cfb89.js?dpl=dpl_3GP9ceHiL7vtr5UFShBBKPRvEpiA","application/javascript; charset=utf-8","200","OK","1.1","Indexable","","","",""
"https://www.sofoservis.sk/_next/image?url=%2Fimages%2Fvideo7.png&w=640&q=75","image/png","200","OK","1.1","Indexable","","","",""
"https://www.sofoservis.sk/stahovanie-pezinok","text/html; charset=utf-8","200","OK","1.1","Indexable","","https://www.sofoservis.sk/stahovanie-pezinok","index, follow",""
"https://www.sofoservis.sk/icons/broom_icon.svg","image/svg+xml","200","OK","1.1","Indexable","","","",""
"https://www.sofoservis.sk/stahovanie-trnava","text/html; charset=utf-8","200","OK","1.1","Indexable","","https://www.sofoservis.sk/stahovanie-trnava","index, follow",""
"https://www.sofoservis.sk/_next/image?url=%2Fimages%2Ftedx.webp&w=3840&q=75","image/webp","200","OK","1.1","Indexable","","","",""
"https://www.sofoservis.sk/stahovanie-stupava","text/html; charset=utf-8","200","OK","1.1","Indexable","","https://www.sofoservis.sk/stahovanie-stupava","index, follow",""
"https://www.sofoservis.sk/medzinarodne-stahovanie","text/html; charset=utf-8","200","OK","1.1","Indexable","","https://www.sofoservis.sk/medzinarodne-stahovanie","index, follow",""
"https://www.sofoservis.sk/stahovanie-samorin","text/html; charset=utf-8","200","OK","1.1","Indexable","","https://www.sofoservis.sk/stahovanie-samorin","index, follow",""
"https://www.sofoservis.sk/_next/static/chunks/app/stahovanie-trnava/page-99b898fbcaaaf809.js?dpl=dpl_3GP9ceHiL7vtr5UFShBBKPRvEpiA","application/javascript; charset=utf-8","200","OK","1.1","Indexable","","","",""
"https://www.sofoservis.sk/_next/static/chunks/app/stahovanie-samorin/page-fbbed97f23eec077.js?dpl=dpl_3GP9ceHiL7vtr5UFShBBKPRvEpiA","application/javascript; charset=utf-8","200","OK","1.1","Indexable","","","",""
"https://www.sofoservis.sk/en/moving-stupava","text/html; charset=utf-8","200","OK","1.1","Indexable","","https://www.sofoservis.sk/en/moving-stupava","index, follow",""
"https://www.sofoservis.sk/medzinarodne-stahovanie/svedsko","text/html; charset=utf-8","200","OK","1.1","Indexable","","https://www.sofoservis.sk/medzinarodne-stahovanie/svedsko","index, follow",""
"https://www.sofoservis.sk/en/moving-trnava","text/html; charset=utf-8","200","OK","1.1","Indexable","","https://www.sofoservis.sk/en/moving-trnava","index, follow",""
"https://www.sofoservis.sk/icons/packing_box_icon.svg","image/svg+xml","200","OK","1.1","Indexable","","","",""
"https://www.sofoservis.sk/medzinarodne-stahovanie/spanielsko","text/html; charset=utf-8","200","OK","1.1","Indexable","","https://www.sofoservis.sk/medzinarodne-stahovanie/spanielsko","index, follow",""
"https://www.sofoservis.sk/en/moving-samorin","text/html; charset=utf-8","200","OK","1.1","Indexable","","https://www.sofoservis.sk/en/moving-samorin","index, follow",""
"https://www.sofoservis.sk/medzinarodne-stahovanie/praha","text/html; charset=utf-8","200","OK","1.1","Indexable","","https://www.sofoservis.sk/medzinarodne-stahovanie/praha","index, follow",""
"https://www.sofoservis.sk/medzinarodne-stahovanie/holandsko","text/html; charset=utf-8","200","OK","1.1","Indexable","","https://www.sofoservis.sk/medzinarodne-stahovanie/holandsko","index, follow",""
"https://www.sofoservis.sk/_next/static/chunks/app/medzinarodne-stahovanie/page-468b87a310090d6f.js?dpl=dpl_3GP9ceHiL7vtr5UFShBBKPRvEpiA","application/javascript; charset=utf-8","200","OK","1.1","Indexable","","","",""
"https://www.sofoservis.sk/medzinarodne-stahovanie/zurich","text/html; charset=utf-8","200","OK","1.1","Indexable","","https://www.sofoservis.sk/medzinarodne-stahovanie/zurich","index, follow",""
"https://www.sofoservis.sk/medzinarodne-stahovanie/frankfurt","text/html; charset=utf-8","200","OK","1.1","Indexable","","https://www.sofoservis.sk/medzinarodne-stahovanie/frankfurt","index, follow",""
"https://www.sofoservis.sk/medzinarodne-stahovanie/dublin","text/html; charset=utf-8","200","OK","1.1","Indexable","","https://www.sofoservis.sk/medzinarodne-stahovanie/dublin","index, follow",""
"https://www.sofoservis.sk/medzinarodne-stahovanie/norsko","text/html; charset=utf-8","200","OK","1.1","Indexable","","https://www.sofoservis.sk/medzinarodne-stahovanie/norsko","index, follow",""
"https://www.sofoservis.sk/stahovanie-na-slovensko","text/html; charset=utf-8","200","OK","1.1","Indexable","","https://www.sofoservis.sk/stahovanie-na-slovensko","index, follow",""
"https://www.sofoservis.sk/medzinarodne-stahovanie/pariz","text/html; charset=utf-8","200","OK","1.1","Indexable","","https://www.sofoservis.sk/medzinarodne-stahovanie/pariz","index, follow",""
"https://www.sofoservis.sk/medzinarodne-stahovanie/budapest","text/html; charset=utf-8","200","OK","1.1","Indexable","","https://www.sofoservis.sk/medzinarodne-stahovanie/budapest","index, follow",""
"https://www.sofoservis.sk/medzinarodne-stahovanie/belgicko","text/html; charset=utf-8","200","OK","1.1","Indexable","","https://www.sofoservis.sk/medzinarodne-stahovanie/belgicko","index, follow",""
"https://www.sofoservis.sk/medzinarodne-stahovanie/nemecko","text/html; charset=utf-8","200","OK","1.1","Indexable","","https://www.sofoservis.sk/medzinarodne-stahovanie/nemecko","index, follow",""
"https://www.sofoservis.sk/medzinarodne-stahovanie/brno","text/html; charset=utf-8","200","OK","1.1","Indexable","","https://www.sofoservis.sk/medzinarodne-stahovanie/brno","index, follow",""
"https://www.sofoservis.sk/medzinarodne-stahovanie/hamburg","text/html; charset=utf-8","200","OK","1.1","Indexable","","https://www.sofoservis.sk/medzinarodne-stahovanie/hamburg","index, follow",""
"https://www.sofoservis.sk/stahovanie-zo-slovenska","text/html; charset=utf-8","200","OK","1.1","Indexable","","https://www.sofoservis.sk/stahovanie-zo-slovenska","index, follow",""
"https://www.sofoservis.sk/medzinarodne-stahovanie/dansko","text/html; charset=utf-8","200","OK","1.1","Indexable","","https://www.sofoservis.sk/medzinarodne-stahovanie/dansko","index, follow",""
"https://www.sofoservis.sk/medzinarodne-stahovanie/irsko","text/html; charset=utf-8","200","OK","1.1","Indexable","","https://www.sofoservis.sk/medzinarodne-stahovanie/irsko","index, follow",""
"https://www.sofoservis.sk/medzinarodne-stahovanie/taliansko","text/html; charset=utf-8","200","OK","1.1","Indexable","","https://www.sofoservis.sk/medzinarodne-stahovanie/taliansko","index, follow",""
"https://www.sofoservis.sk/medzinarodne-stahovanie/polsko","text/html; charset=utf-8","200","OK","1.1","Indexable","","https://www.sofoservis.sk/medzinarodne-stahovanie/polsko","index, follow",""
"https://www.sofoservis.sk/medzinarodne-stahovanie/brusel","text/html; charset=utf-8","200","OK","1.1","Indexable","","https://www.sofoservis.sk/medzinarodne-stahovanie/brusel","index, follow",""
"https://www.sofoservis.sk/medzinarodne-stahovanie/ceska-republika","text/html; charset=utf-8","200","OK","1.1","Indexable","","https://www.sofoservis.sk/medzinarodne-stahovanie/ceska-republika","index, follow",""
"https://www.sofoservis.sk/medzinarodne-stahovanie/amsterdam","text/html; charset=utf-8","200","OK","1.1","Indexable","","https://www.sofoservis.sk/medzinarodne-stahovanie/amsterdam","index, follow",""
"https://www.sofoservis.sk/medzinarodne-stahovanie/francuzsko","text/html; charset=utf-8","200","OK","1.1","Indexable","","https://www.sofoservis.sk/medzinarodne-stahovanie/francuzsko","index, follow",""
"https://www.sofoservis.sk/medzinarodne-stahovanie/berlin","text/html; charset=utf-8","200","OK","1.1","Indexable","","https://www.sofoservis.sk/medzinarodne-stahovanie/berlin","index, follow",""
"https://www.sofoservis.sk/medzinarodne-stahovanie/londyn","text/html; charset=utf-8","200","OK","1.1","Indexable","","https://www.sofoservis.sk/medzinarodne-stahovanie/londyn","index, follow",""
"https://www.sofoservis.sk/medzinarodne-stahovanie/rakusko","text/html; charset=utf-8","200","OK","1.1","Indexable","","https://www.sofoservis.sk/medzinarodne-stahovanie/rakusko","index, follow",""
"https://www.sofoservis.sk/medzinarodne-stahovanie/vieden","text/html; charset=utf-8","200","OK","1.1","Indexable","","https://www.sofoservis.sk/medzinarodne-stahovanie/vieden","index, follow",""
"https://www.sofoservis.sk/medzinarodne-stahovanie/madarsko","text/html; charset=utf-8","200","OK","1.1","Indexable","","https://www.sofoservis.sk/medzinarodne-stahovanie/madarsko","index, follow",""
"https://www.sofoservis.sk/medzinarodne-stahovanie/svajciarsko","text/html; charset=utf-8","200","OK","1.1","Indexable","","https://www.sofoservis.sk/medzinarodne-stahovanie/svajciarsko","index, follow",""
"https://www.sofoservis.sk/medzinarodne-stahovanie/mnichov","text/html; charset=utf-8","200","OK","1.1","Indexable","","https://www.sofoservis.sk/medzinarodne-stahovanie/mnichov","index, follow",""
"https://www.sofoservis.sk/_next/static/chunks/app/stahovanie-stupava/page-b0b273c6387f0455.js?dpl=dpl_3GP9ceHiL7vtr5UFShBBKPRvEpiA","application/javascript; charset=utf-8","200","OK","1.1","Indexable","","","",""
"https://www.sofoservis.sk/medzinarodne-stahovanie/anglicko","text/html; charset=utf-8","200","OK","1.1","Indexable","","https://www.sofoservis.sk/medzinarodne-stahovanie/anglicko","index, follow",""
"https://www.sofoservis.sk/medzinarodne-stahovanie/varsava","text/html; charset=utf-8","200","OK","1.1","Indexable","","https://www.sofoservis.sk/medzinarodne-stahovanie/varsava","index, follow",""
"https://www.sofoservis.sk/_next/image?url=%2Fimages%2Fsofo_bratislava_stahovanie.jpg&w=3840&q=75","image/jpeg","200","OK","1.1","Indexable","","","",""
"https://www.sofoservis.sk/_next/static/chunks/app/stahovanie-pezinok/page-f6cf1669353c419c.js?dpl=dpl_3GP9ceHiL7vtr5UFShBBKPRvEpiA","application/javascript; charset=utf-8","200","OK","1.1","Indexable","","","",""
"https://www.sofoservis.sk/_next/image?url=%2Fimages%2Fsofoservis%20spokojnost.jpg&w=1200&q=75","image/jpeg","200","OK","1.1","Indexable","","","",""
"https://www.sofoservis.sk/en/moving-pezinok","text/html; charset=utf-8","200","OK","1.1","Indexable","","https://www.sofoservis.sk/en/moving-pezinok","index, follow",""
"https://www.sofoservis.sk/_next/static/chunks/app/referencie/page-9453162ddb66daee.js?dpl=dpl_3GP9ceHiL7vtr5UFShBBKPRvEpiA","application/javascript; charset=utf-8","200","OK","1.1","Indexable","","","",""
"https://www.sofoservis.sk/odvoz-likvidacia-stavebneho-odpadu/bratislava","text/html; charset=utf-8","200","OK","1.1","Indexable","","https://www.sofoservis.sk/odvoz-likvidacia-stavebneho-odpadu/bratislava","index, follow",""
"https://www.sofoservis.sk/odvoz-likvidacia-stavebneho-odpadu/senec","text/html; charset=utf-8","200","OK","1.1","Indexable","","https://www.sofoservis.sk/odvoz-likvidacia-stavebneho-odpadu/senec","index, follow",""
"https://www.sofoservis.sk/odvoz-likvidacia-stavebneho-odpadu/galanta","text/html; charset=utf-8","200","OK","1.1","Indexable","","https://www.sofoservis.sk/odvoz-likvidacia-stavebneho-odpadu/galanta","index, follow",""
"https://www.sofoservis.sk/odvoz-likvidacia-stavebneho-odpadu/hlohovec","text/html; charset=utf-8","200","OK","1.1","Indexable","","https://www.sofoservis.sk/odvoz-likvidacia-stavebneho-odpadu/hlohovec","index, follow",""
"https://www.sofoservis.sk/_next/static/chunks/app/odvoz-likvidacia-stavebneho-odpadu/page-80a73103ef9aa52d.js?dpl=dpl_3GP9ceHiL7vtr5UFShBBKPRvEpiA","application/javascript; charset=utf-8","200","OK","1.1","Indexable","","","",""
"https://www.sofoservis.sk/odvoz-likvidacia-stavebneho-odpadu/senica","text/html; charset=utf-8","200","OK","1.1","Indexable","","https://www.sofoservis.sk/odvoz-likvidacia-stavebneho-odpadu/senica","index, follow",""
"https://www.sofoservis.sk/odvoz-likvidacia-stavebneho-odpadu/trnava","text/html; charset=utf-8","200","OK","1.1","Indexable","","https://www.sofoservis.sk/odvoz-likvidacia-stavebneho-odpadu/trnava","index, follow",""
"https://www.sofoservis.sk/odvoz-likvidacia-stavebneho-odpadu/nitra","text/html; charset=utf-8","200","OK","1.1","Indexable","","https://www.sofoservis.sk/odvoz-likvidacia-stavebneho-odpadu/nitra","index, follow",""
"https://www.sofoservis.sk/_next/static/chunks/app/cistenie-vypratavanie-pozemkov-nehnutelnosti/page-6c485a13dbf125f2.js?dpl=dpl_3GP9ceHiL7vtr5UFShBBKPRvEpiA","application/javascript; charset=utf-8","200","OK","1.1","Indexable","","","",""
"https://www.sofoservis.sk/vypratavanie-po-rekonstrukcii","text/html; charset=utf-8","200","OK","1.1","Indexable","","https://www.sofoservis.sk/vypratavanie-po-rekonstrukcii","index, follow",""
"https://www.sofoservis.sk/vypratavanie-pozostalosti","text/html; charset=utf-8","200","OK","1.1","Indexable","","https://www.sofoservis.sk/vypratavanie-pozostalosti","index, follow",""
"https://www.sofoservis.sk/vypratavanie-senec","text/html; charset=utf-8","200","OK","1.1","Indexable","","https://www.sofoservis.sk/vypratavanie-senec","index, follow",""
"https://www.sofoservis.sk/vypratavanie-samorin","text/html; charset=utf-8","200","OK","1.1","Indexable","","https://www.sofoservis.sk/vypratavanie-samorin","index, follow",""
"https://www.sofoservis.sk/vypratavanie-komarno","text/html; charset=utf-8","200","OK","1.1","Indexable","","https://www.sofoservis.sk/vypratavanie-komarno","index, follow",""
"https://www.sofoservis.sk/vypratavanie-stupava","text/html; charset=utf-8","200","OK","1.1","Indexable","","https://www.sofoservis.sk/vypratavanie-stupava","index, follow",""
"https://www.sofoservis.sk/vypratavanie-galanta","text/html; charset=utf-8","200","OK","1.1","Indexable","","https://www.sofoservis.sk/vypratavanie-galanta","index, follow",""
"https://www.sofoservis.sk/vypratavanie-pezinok","text/html; charset=utf-8","200","OK","1.1","Indexable","","https://www.sofoservis.sk/vypratavanie-pezinok","index, follow",""
"https://www.sofoservis.sk/vypratavanie-trnava","text/html; charset=utf-8","200","OK","1.1","Indexable","","https://www.sofoservis.sk/vypratavanie-trnava","index, follow",""
"https://www.sofoservis.sk/vypratavanie-kancelarii","text/html; charset=utf-8","200","OK","1.1","Indexable","","https://www.sofoservis.sk/vypratavanie-kancelarii","index, follow",""
"https://www.sofoservis.sk/_next/static/chunks/app/vypratavanie/page-30923be1c6d9c241.js?dpl=dpl_3GP9ceHiL7vtr5UFShBBKPRvEpiA","application/javascript; charset=utf-8","200","OK","1.1","Indexable","","","",""
"https://www.sofoservis.sk/vypratavanie-chalupy","text/html; charset=utf-8","200","OK","1.1","Indexable","","https://www.sofoservis.sk/vypratavanie-chalupy","index, follow",""
"https://www.sofoservis.sk/vypratavanie-senica","text/html; charset=utf-8","200","OK","1.1","Indexable","","https://www.sofoservis.sk/vypratavanie-senica","index, follow",""
"https://www.sofoservis.sk/vypratavanie-levice","text/html; charset=utf-8","200","OK","1.1","Indexable","","https://www.sofoservis.sk/vypratavanie-levice","index, follow",""
"https://www.sofoservis.sk/vypratavanie-nitra","text/html; charset=utf-8","200","OK","1.1","Indexable","","https://www.sofoservis.sk/vypratavanie-nitra","index, follow",""
"https://www.sofoservis.sk/vypratavanie-hlohovec","text/html; charset=utf-8","200","OK","1.1","Indexable","","https://www.sofoservis.sk/vypratavanie-hlohovec","index, follow",""
"https://www.sofoservis.sk/_next/static/chunks/app/buranie-demolacia-domov-bytov/page-f692fb32611e44e3.js?dpl=dpl_3GP9ceHiL7vtr5UFShBBKPRvEpiA","application/javascript; charset=utf-8","200","OK","1.1","Indexable","","","",""
"https://www.sofoservis.sk/_next/static/chunks/app/stahovanie-senec/page-32f066e4d06d2e62.js?dpl=dpl_3GP9ceHiL7vtr5UFShBBKPRvEpiA","application/javascript; charset=utf-8","200","OK","1.1","Indexable","","","",""
"https://www.sofoservis.sk/vypratavanie-piestany","text/html; charset=utf-8","200","OK","1.1","Indexable","","https://www.sofoservis.sk/vypratavanie-piestany","index, follow",""
"https://www.sofoservis.sk/vypratavanie-malacky","text/html; charset=utf-8","200","OK","1.1","Indexable","","https://www.sofoservis.sk/vypratavanie-malacky","index, follow",""
"https://www.sofoservis.sk/en/moving-senec","text/html; charset=utf-8","200","OK","1.1","Indexable","","https://www.sofoservis.sk/en/moving-senec","index, follow",""
"https://www.sofoservis.sk/_next/static/chunks/app/stahovanie-galanta/page-9d7e18b7c915651e.js?dpl=dpl_3GP9ceHiL7vtr5UFShBBKPRvEpiA","application/javascript; charset=utf-8","200","OK","1.1","Indexable","","","",""
"https://www.sofoservis.sk/_next/static/chunks/app/stahovanie-nitra/page-eab5b0af6e3ddc1c.js?dpl=dpl_3GP9ceHiL7vtr5UFShBBKPRvEpiA","application/javascript; charset=utf-8","200","OK","1.1","Indexable","","","",""
"https://www.sofoservis.sk/en/moving-nitra","text/html; charset=utf-8","200","OK","1.1","Indexable","","https://www.sofoservis.sk/en/moving-nitra","index, follow",""
"https://www.sofoservis.sk/_next/static/chunks/app/vypratavanie-bytov-domov/page-2512591ae69868ad.js?dpl=dpl_3GP9ceHiL7vtr5UFShBBKPRvEpiA","application/javascript; charset=utf-8","200","OK","1.1","Indexable","","","",""
"https://www.sofoservis.sk/_next/static/chunks/app/stahovanie-komarno/page-49e17b53b8610998.js?dpl=dpl_3GP9ceHiL7vtr5UFShBBKPRvEpiA","application/javascript; charset=utf-8","200","OK","1.1","Indexable","","","",""
"https://www.sofoservis.sk/en/moving-galanta","text/html; charset=utf-8","200","OK","1.1","Indexable","","https://www.sofoservis.sk/en/moving-galanta","index, follow",""
"https://www.sofoservis.sk/_next/static/chunks/app/montaz-kuchyne/page-93f1d42a9d592a53.js?dpl=dpl_3GP9ceHiL7vtr5UFShBBKPRvEpiA","application/javascript; charset=utf-8","200","OK","1.1","Indexable","","","",""
"https://www.sofoservis.sk/_next/static/chunks/app/stahovanie-bytov-domov/page-c558ff489a822f81.js?dpl=dpl_3GP9ceHiL7vtr5UFShBBKPRvEpiA","application/javascript; charset=utf-8","200","OK","1.1","Indexable","","","",""
"https://www.sofoservis.sk/icons/artwork_icon.svg","image/svg+xml","200","OK","1.1","Indexable","","","",""
"https://www.sofoservis.sk/_next/static/chunks/app/vypratavanie-odvoz-stareho-nabytku/page-e8f0598273081ade.js?dpl=dpl_3GP9ceHiL7vtr5UFShBBKPRvEpiA","application/javascript; charset=utf-8","200","OK","1.1","Indexable","","","",""
"https://www.sofoservis.sk/_next/static/chunks/app/stahovanie-tazkych-bremien/page-34d1c117646c907e.js?dpl=dpl_3GP9ceHiL7vtr5UFShBBKPRvEpiA","application/javascript; charset=utf-8","200","OK","1.1","Indexable","","","",""
"https://www.sofoservis.sk/en/moving-komarno","text/html; charset=utf-8","200","OK","1.1","Indexable","","https://www.sofoservis.sk/en/moving-komarno","index, follow",""
"https://www.sofoservis.sk/blog/vypratavanie-po-rekonstrukcii-odvoz-stavebneho-odpadu","text/html; charset=utf-8","200","OK","1.1","Indexable","","https://www.sofoservis.sk/blog/vypratavanie-po-rekonstrukcii-odvoz-stavebneho-odpadu","index, follow",""
"https://www.sofoservis.sk/blog/kolko-stoji-stahovanie-bratislava-2026","text/html; charset=utf-8","200","OK","1.1","Indexable","","https://www.sofoservis.sk/blog/kolko-stoji-stahovanie-bratislava-2026","index, follow",""
"https://www.sofoservis.sk/blog/vypratavanie-bytov-pezinok","text/html; charset=utf-8","200","OK","1.1","Indexable","","https://www.sofoservis.sk/blog/vypratavanie-bytov-pezinok","index, follow",""
"https://www.sofoservis.sk/blog/ako-si-vybrat-stahovaciu-firmu-10-kriterii","text/html; charset=utf-8","200","OK","1.1","Indexable","","https://www.sofoservis.sk/blog/ako-si-vybrat-stahovaciu-firmu-10-kriterii","index, follow",""
"https://www.sofoservis.sk/blog/medzinarodne-stahovanie-slovensko-2026","text/html; charset=utf-8","200","OK","1.1","Indexable","","https://www.sofoservis.sk/blog/medzinarodne-stahovanie-slovensko-2026","index, follow",""
"https://www.sofoservis.sk/blog/stahovanie-v-zime-vyhody-vyzvy","text/html; charset=utf-8","200","OK","1.1","Indexable","","https://www.sofoservis.sk/blog/stahovanie-v-zime-vyhody-vyzvy","index, follow",""
"https://www.sofoservis.sk/blog/vypratavanie-bytov-malacky","text/html; charset=utf-8","200","OK","1.1","Indexable","","https://www.sofoservis.sk/blog/vypratavanie-bytov-malacky","index, follow",""
"https://www.sofoservis.sk/blog/stahovanie-seniorov-starsich-osob","text/html; charset=utf-8","200","OK","1.1","Indexable","","https://www.sofoservis.sk/blog/stahovanie-seniorov-starsich-osob","index, follow",""
"https://www.sofoservis.sk/blog/prenajom-stahovacieho-auta-vs-firma","text/html; charset=utf-8","200","OK","1.1","Indexable","","https://www.sofoservis.sk/blog/prenajom-stahovacieho-auta-vs-firma","index, follow",""
"https://www.sofoservis.sk/_next/static/chunks/app/blog/page-f10da8d6f8589f30.js?dpl=dpl_3GP9ceHiL7vtr5UFShBBKPRvEpiA","application/javascript; charset=utf-8","200","OK","1.1","Indexable","","","",""
"https://www.sofoservis.sk/blog/ako-sa-pripravit-na-stahovanie-checklist","text/html; charset=utf-8","200","OK","1.1","Indexable","","https://www.sofoservis.sk/blog/ako-sa-pripravit-na-stahovanie-checklist","index, follow",""
"https://www.sofoservis.sk/blog/stahovanie-s-domacimi-zvieratami","text/html; charset=utf-8","200","OK","1.1","Indexable","","https://www.sofoservis.sk/blog/stahovanie-s-domacimi-zvieratami","index, follow",""
"https://www.sofoservis.sk/blog/vypratavanie-po-sezonnom-uskladneni-bratislava","text/html; charset=utf-8","200","OK","1.1","Indexable","","https://www.sofoservis.sk/blog/vypratavanie-po-sezonnom-uskladneni-bratislava","index, follow",""
"https://www.sofoservis.sk/blog/montaz-nabytku-ikea-cena","text/html; charset=utf-8","200","OK","1.1","Indexable","","https://www.sofoservis.sk/blog/montaz-nabytku-ikea-cena","index, follow",""
"https://www.sofoservis.sk/blog/ako-spravne-zabalit-byt-na-stahovanie","text/html; charset=utf-8","200","OK","1.1","Indexable","","https://www.sofoservis.sk/blog/ako-spravne-zabalit-byt-na-stahovanie","index, follow",""
"https://www.sofoservis.sk/blog/odovzdanie-bytu-po-najme-checklist","text/html; charset=utf-8","200","OK","1.1","Indexable","","https://www.sofoservis.sk/blog/odovzdanie-bytu-po-najme-checklist","index, follow",""
"https://www.sofoservis.sk/blog/vypratavanie-bytu-cena-2026","text/html; charset=utf-8","200","OK","1.1","Indexable","","https://www.sofoservis.sk/blog/vypratavanie-bytu-cena-2026","index, follow",""
"https://www.sofoservis.sk/blog/kolko-stoji-vypratavanie-bytu-bratislava-2026","text/html; charset=utf-8","200","OK","1.1","Indexable","","https://www.sofoservis.sk/blog/kolko-stoji-vypratavanie-bytu-bratislava-2026","index, follow",""
"https://www.sofoservis.sk/blog/vypratavanie-bytov-senec","text/html; charset=utf-8","200","OK","1.1","Indexable","","https://www.sofoservis.sk/blog/vypratavanie-bytov-senec","index, follow",""
"https://www.sofoservis.sk/blog/vypratavanie-pivnic-skladov-bratislava","text/html; charset=utf-8","200","OK","1.1","Indexable","","https://www.sofoservis.sk/blog/vypratavanie-pivnic-skladov-bratislava","index, follow",""
"https://www.sofoservis.sk/blog/vypratavanie-po-zosnulom","text/html; charset=utf-8","200","OK","1.1","Indexable","","https://www.sofoservis.sk/blog/vypratavanie-po-zosnulom","index, follow",""
"https://www.sofoservis.sk/blog/stahovanie-klavira-tazkych-predmetov","text/html; charset=utf-8","200","OK","1.1","Indexable","","https://www.sofoservis.sk/blog/stahovanie-klavira-tazkych-predmetov","index, follow",""
"https://www.sofoservis.sk/_next/static/chunks/app/stahovanie-kancelarii-firiem/page-4d02bb195c5ea892.js?dpl=dpl_3GP9ceHiL7vtr5UFShBBKPRvEpiA","application/javascript; charset=utf-8","200","OK","1.1","Indexable","","","",""
"https://www.sofoservis.sk/_next/static/chunks/app/stahovanie-levice/page-007958901d072c35.js?dpl=dpl_3GP9ceHiL7vtr5UFShBBKPRvEpiA","application/javascript; charset=utf-8","200","OK","1.1","Indexable","","","",""
"https://www.sofoservis.sk/blog/stahovanie-kancelarie-ako-minimalizovat-prestoj","text/html; charset=utf-8","200","OK","1.1","Indexable","","https://www.sofoservis.sk/blog/stahovanie-kancelarie-ako-minimalizovat-prestoj","index, follow",""
"https://www.sofoservis.sk/blog/hodinovy-manzel-sluzby-cena","text/html; charset=utf-8","200","OK","1.1","Indexable","","https://www.sofoservis.sk/blog/hodinovy-manzel-sluzby-cena","index, follow",""
"https://www.sofoservis.sk/en/moving-levice","text/html; charset=utf-8","200","OK","1.1","Indexable","","https://www.sofoservis.sk/en/moving-levice","index, follow",""
"https://www.sofoservis.sk/_next/static/chunks/app/vypratavanie-pivnic-garazi-nebytovych-priestorov/page-d27784c1d0293551.js?dpl=dpl_3GP9ceHiL7vtr5UFShBBKPRvEpiA","application/javascript; charset=utf-8","200","OK","1.1","Indexable","","","",""
"https://www.sofoservis.sk/_next/static/chunks/app/stahovanie-hlohovec/page-450b55523aee6b28.js?dpl=dpl_3GP9ceHiL7vtr5UFShBBKPRvEpiA","application/javascript; charset=utf-8","200","OK","1.1","Indexable","","","",""
"https://www.sofoservis.sk/vypratavanie-odvoz-stareho-nabytku/bratislava","text/html; charset=utf-8","200","OK","1.1","Indexable","","https://www.sofoservis.sk/vypratavanie-odvoz-stareho-nabytku/bratislava","index, follow",""
"https://www.sofoservis.sk/en/moving-hlohovec","text/html; charset=utf-8","200","OK","1.1","Indexable","","https://www.sofoservis.sk/en/moving-hlohovec","index, follow",""
"https://www.sofoservis.sk/icons/garden_icon.svg","image/svg+xml","200","OK","1.1","Indexable","","","",""
"https://www.sofoservis.sk/hodinovy-manzel-majster/levice","text/html; charset=utf-8","200","OK","1.1","Indexable","","https://www.sofoservis.sk/hodinovy-manzel-majster/levice","index, follow",""
"https://www.sofoservis.sk/hodinovy-manzel-majster/trnava","text/html; charset=utf-8","200","OK","1.1","Indexable","","https://www.sofoservis.sk/hodinovy-manzel-majster/trnava","index, follow",""
"https://www.sofoservis.sk/_next/static/chunks/app/hodinovy-manzel-majster/page-3c9a55642d33c991.js?dpl=dpl_3GP9ceHiL7vtr5UFShBBKPRvEpiA","application/javascript; charset=utf-8","200","OK","1.1","Indexable","","","",""
"https://www.sofoservis.sk/hodinovy-manzel-majster/sala","text/html; charset=utf-8","200","OK","1.1","Indexable","","https://www.sofoservis.sk/hodinovy-manzel-majster/sala","index, follow",""
"https://www.sofoservis.sk/icons/electrical_icon.svg","image/svg+xml","200","OK","1.1","Indexable","","","",""
"https://www.sofoservis.sk/hodinovy-manzel-majster/galanta","text/html; charset=utf-8","200","OK","1.1","Indexable","","https://www.sofoservis.sk/hodinovy-manzel-majster/galanta","index, follow",""
"https://www.sofoservis.sk/hodinovy-manzel-majster/nitra","text/html; charset=utf-8","200","OK","1.1","Indexable","","https://www.sofoservis.sk/hodinovy-manzel-majster/nitra","index, follow",""
"https://www.sofoservis.sk/hodinovy-manzel-majster/bratislava","text/html; charset=utf-8","200","OK","1.1","Indexable","","https://www.sofoservis.sk/hodinovy-manzel-majster/bratislava","index, follow",""
"https://www.sofoservis.sk/_next/static/chunks/app/stahovanie-preprava-nabytku/page-7a9fe79a124f4c92.js?dpl=dpl_3GP9ceHiL7vtr5UFShBBKPRvEpiA","application/javascript; charset=utf-8","200","OK","1.1","Indexable","","","",""
"https://www.sofoservis.sk/icons/paint_icon.svg","image/svg+xml","200","OK","1.1","Indexable","","","",""
"https://www.sofoservis.sk/_next/static/chunks/app/stahovanie/page-ff805d3d57764d51.js?dpl=dpl_3GP9ceHiL7vtr5UFShBBKPRvEpiA","application/javascript; charset=utf-8","200","OK","1.1","Indexable","","","",""
"https://www.sofoservis.sk/stahovanie-strojov-zariadeni","text/html; charset=utf-8","200","OK","1.1","Indexable","","https://www.sofoservis.sk/stahovanie-strojov-zariadeni","index, follow",""
"https://www.sofoservis.sk/icons/sofa_icon.svg","image/svg+xml","200","OK","1.1","Indexable","","","",""
"https://www.sofoservis.sk/icons/safe_icon.svg","image/svg+xml","200","OK","1.1","Indexable","","","",""
"https://www.sofoservis.sk/hodinovy-manzel-majster/piestany","text/html; charset=utf-8","200","OK","1.1","Indexable","","https://www.sofoservis.sk/hodinovy-manzel-majster/piestany","index, follow",""
"https://www.sofoservis.sk/stahovanie-trezorov","text/html; charset=utf-8","200","OK","1.1","Indexable","","https://www.sofoservis.sk/stahovanie-trezorov","index, follow",""
"https://www.sofoservis.sk/_next/static/chunks/app/stahovanie-malacky/page-b60b7618d446c22a.js?dpl=dpl_3GP9ceHiL7vtr5UFShBBKPRvEpiA","application/javascript; charset=utf-8","200","OK","1.1","Indexable","","","",""
"https://www.sofoservis.sk/stahovanie-klavira","text/html; charset=utf-8","200","OK","1.1","Indexable","","https://www.sofoservis.sk/stahovanie-klavira","index, follow",""
"https://www.sofoservis.sk/_next/static/chunks/app/stahovanie-piestany/page-bd748f47148b0d5a.js?dpl=dpl_3GP9ceHiL7vtr5UFShBBKPRvEpiA","application/javascript; charset=utf-8","200","OK","1.1","Indexable","","","",""
"https://www.sofoservis.sk/_next/static/chunks/9107-886b32413691956a.js?dpl=dpl_3GP9ceHiL7vtr5UFShBBKPRvEpiA","application/javascript; charset=utf-8","200","OK","1.1","Indexable","","","",""
"https://www.sofoservis.sk/en/moving-malacky","text/html; charset=utf-8","200","OK","1.1","Indexable","","https://www.sofoservis.sk/en/moving-malacky","index, follow",""
"https://www.sofoservis.sk/_next/image?url=%2Fimages%2FSofoServis_Volajte.jpg&w=3840&q=75","image/jpeg","200","OK","1.1","Indexable","","","",""
"https://www.sofoservis.sk/en/moving-piestany","text/html; charset=utf-8","200","OK","1.1","Indexable","","https://www.sofoservis.sk/en/moving-piestany","index, follow",""
"https://www.sofoservis.sk/sluzby/montaz-nabytku","text/html; charset=utf-8","404","Not Found","1.1","Non-Indexable","Client Error","","",""
"https://www.sofoservis.sk/_next/static/chunks/app/kontakt/page-e832f07c24948cec.js?dpl=dpl_3GP9ceHiL7vtr5UFShBBKPRvEpiA","application/javascript; charset=utf-8","200","OK","1.1","Indexable","","","",""
"https://www.sofoservis.sk/sluzby/stahovanie-tazkych-bremien","text/html; charset=utf-8","404","Not Found","1.1","Non-Indexable","Client Error","","",""
"https://www.sofoservis.sk/sluzby/vypratavanie-bytov","text/html; charset=utf-8","404","Not Found","1.1","Non-Indexable","Client Error","","",""
"https://www.sofoservis.sk/icons/calendar_icon.svg","image/svg+xml","200","OK","1.1","Indexable","","","",""
"https://www.sofoservis.sk/sluzby/stahovanie-24-7","text/html; charset=utf-8","404","Not Found","1.1","Non-Indexable","Client Error","","",""
"https://www.sofoservis.sk/_next/static/chunks/app/stahovanie-sala/page-d048f92a63ca177f.js?dpl=dpl_3GP9ceHiL7vtr5UFShBBKPRvEpiA","application/javascript; charset=utf-8","200","OK","1.1","Indexable","","","",""
"https://www.sofoservis.sk/sluzby/stahovanie-firiem","text/html; charset=utf-8","404","Not Found","1.1","Non-Indexable","Client Error","","",""
"https://www.sofoservis.sk/en/moving-sala","text/html; charset=utf-8","200","OK","1.1","Indexable","","https://www.sofoservis.sk/en/moving-sala","index, follow",""
"https://www.sofoservis.sk/sluzby/stahovanie-bytov","text/html; charset=utf-8","404","Not Found","1.1","Non-Indexable","Client Error","","",""
"https://www.sofoservis.sk/icons/safety_icon.svg","image/svg+xml","200","OK","1.1","Indexable","","","",""
"https://www.sofoservis.sk/icons/heavy_machinery_icon.svg","image/svg+xml","200","OK","1.1","Indexable","","","",""
"https://www.sofoservis.sk/_next/static/chunks/app/buranie-stien-priecok/page-4c18f73b3e0e6c2c.js?dpl=dpl_3GP9ceHiL7vtr5UFShBBKPRvEpiA","application/javascript; charset=utf-8","200","OK","1.1","Indexable","","","",""
"https://www.sofoservis.sk/icons/wrecking_ball_icon.svg","image/svg+xml","200","OK","1.1","Indexable","","","",""
"https://www.sofoservis.sk/icons/appliance_icon.svg","image/svg+xml","200","OK","1.1","Indexable","","","",""
"https://www.sofoservis.sk/_next/static/chunks/app/likvidacia-nebezpecneho-odpadu-starych-spotrebicov/page-ccb2e73424c5c235.js?dpl=dpl_3GP9ceHiL7vtr5UFShBBKPRvEpiA","application/javascript; charset=utf-8","200","OK","1.1","Indexable","","","",""
"https://www.sofoservis.sk/icons/landscape_icon.svg","image/svg+xml","200","OK","1.1","Indexable","","","",""
"https://www.sofoservis.sk/icons/hazmat_icon.svg","image/svg+xml","200","OK","1.1","Indexable","","","",""
"https://www.sofoservis.sk/_next/static/chunks/9859-4e43d3b9ed687e0c.js?dpl=dpl_3GP9ceHiL7vtr5UFShBBKPRvEpiA","application/javascript; charset=utf-8","200","OK","1.1","Indexable","","","",""
"https://www.sofoservis.sk/icons/hammer_icon.svg","image/svg+xml","200","OK","1.1","Indexable","","","",""
"https://www.sofoservis.sk/buracie-demolacne-prace","text/html; charset=utf-8","200","OK","1.1","Indexable","","https://www.sofoservis.sk/buracie-demolacne-prace","index, follow",""
"https://www.sofoservis.sk/_next/image?url=%2Fimages%2Fsofoservis%20montaz.jpg&w=1200&q=75","image/jpeg","200","OK","1.1","Indexable","","","",""
"https://www.sofoservis.sk/_next/static/chunks/app/cennik/page-cd0eff984f29fcd8.js?dpl=dpl_3GP9ceHiL7vtr5UFShBBKPRvEpiA","application/javascript; charset=utf-8","200","OK","1.1","Indexable","","","",""
"https://www.sofoservis.sk/_next/static/chunks/app/montaz-nabytku/page-303190545c793583.js?dpl=dpl_3GP9ceHiL7vtr5UFShBBKPRvEpiA","application/javascript; charset=utf-8","200","OK","1.1","Indexable","","","",""
"https://www.sofoservis.sk/icons/curtain_icon.svg","image/svg+xml","200","OK","1.1","Indexable","","","",""
"https://www.sofoservis.sk/_next/static/chunks/app/stahovanie-bratislava/page-943105054e63ece6.js?dpl=dpl_3GP9ceHiL7vtr5UFShBBKPRvEpiA","application/javascript; charset=utf-8","200","OK","1.1","Indexable","","","",""
"https://www.sofoservis.sk/en/moving-bratislava","text/html; charset=utf-8","200","OK","1.1","Indexable","","https://www.sofoservis.sk/en/moving-bratislava","index, follow",""
"https://www.sofoservis.sk/stahovanie-karlova-ves","text/html; charset=utf-8","200","OK","1.1","Indexable","","https://www.sofoservis.sk/stahovanie-karlova-ves","index, follow",""
"https://www.sofoservis.sk/stahovanie-nove-mesto","text/html; charset=utf-8","200","OK","1.1","Indexable","","https://www.sofoservis.sk/stahovanie-nove-mesto","index, follow",""
"https://www.sofoservis.sk/stahovanie-stare-mesto","text/html; charset=utf-8","200","OK","1.1","Indexable","","https://www.sofoservis.sk/stahovanie-stare-mesto","index, follow",""
"https://www.sofoservis.sk/stahovanie-petrzalka","text/html; charset=utf-8","200","OK","1.1","Indexable","","https://www.sofoservis.sk/stahovanie-petrzalka","index, follow",""
"https://www.sofoservis.sk/stahovanie-dubravka","text/html; charset=utf-8","200","OK","1.1","Indexable","","https://www.sofoservis.sk/stahovanie-dubravka","index, follow",""
"https://www.sofoservis.sk/stahovanie-ruzinov","text/html; charset=utf-8","200","OK","1.1","Indexable","","https://www.sofoservis.sk/stahovanie-ruzinov","index, follow",""
"https://www.sofoservis.sk/en/basement-garage-junk-removal","text/html; charset=utf-8","200","OK","1.1","Indexable","","https://www.sofoservis.sk/en/basement-garage-junk-removal","index, follow",""
"https://www.sofoservis.sk/en/pricing","text/html; charset=utf-8","200","OK","1.1","Indexable","","https://www.sofoservis.sk/en/pricing","index, follow",""
"https://www.sofoservis.sk/en/clearance","text/html; charset=utf-8","200","OK","1.1","Indexable","","https://www.sofoservis.sk/en/clearance","index, follow",""
"https://www.sofoservis.sk/icons/furniture_icon.svg","image/svg+xml","200","OK","1.1","Indexable","","","",""
"https://www.sofoservis.sk/en/furniture-moving-removal","text/html; charset=utf-8","200","OK","1.1","Indexable","","https://www.sofoservis.sk/en/furniture-moving-removal","index, follow",""
"https://www.sofoservis.sk/en/hazardous-waste-removal","text/html; charset=utf-8","200","OK","1.1","Indexable","","https://www.sofoservis.sk/en/hazardous-waste-removal","index, follow",""
"https://www.sofoservis.sk/en/kitchen-installation","text/html; charset=utf-8","200","OK","1.1","Indexable","","https://www.sofoservis.sk/en/kitchen-installation","index, follow",""
"https://www.sofoservis.sk/_next/static/chunks/app/en/page-ea9864c1b693d9c7.js?dpl=dpl_3GP9ceHiL7vtr5UFShBBKPRvEpiA","application/javascript; charset=utf-8","200","OK","1.1","Indexable","","","",""
"https://www.sofoservis.sk/en/furniture-removal","text/html; charset=utf-8","200","OK","1.1","Indexable","","https://www.sofoservis.sk/en/furniture-removal","index, follow",""
"https://www.sofoservis.sk/en/wall-demolition","text/html; charset=utf-8","200","OK","1.1","Indexable","","https://www.sofoservis.sk/en/wall-demolition","index, follow",""
"https://www.sofoservis.sk/en/moving-heavy-loads","text/html; charset=utf-8","200","OK","1.1","Indexable","","https://www.sofoservis.sk/en/moving-heavy-loads","index, follow",""
"https://www.sofoservis.sk/en/demolition-services","text/html; charset=utf-8","200","OK","1.1","Indexable","","https://www.sofoservis.sk/en/demolition-services","index, follow",""
"https://www.sofoservis.sk/en/reviews","text/html; charset=utf-8","200","OK","1.1","Indexable","","https://www.sofoservis.sk/en/reviews","index, follow",""
"https://www.sofoservis.sk/en/international-moving-services","text/html; charset=utf-8","200","OK","1.1","Indexable","","https://www.sofoservis.sk/en/international-moving-services","index, follow",""
"https://www.sofoservis.sk/icons/recycle_icon.svg","image/svg+xml","200","OK","1.1","Indexable","","","",""
"https://www.sofoservis.sk/en/privacy-policy","text/html; charset=utf-8","200","OK","1.1","Indexable","","https://www.sofoservis.sk/en/privacy-policy","index, follow",""
"https://www.sofoservis.sk/en/home-junk-removal","text/html; charset=utf-8","200","OK","1.1","Indexable","","https://www.sofoservis.sk/en/home-junk-removal","index, follow",""
"https://www.sofoservis.sk/en/moving","text/html; charset=utf-8","200","OK","1.1","Indexable","","https://www.sofoservis.sk/en/moving","index, follow",""
"https://www.sofoservis.sk/en/office-moving","text/html; charset=utf-8","200","OK","1.1","Indexable","","https://www.sofoservis.sk/en/office-moving","index, follow",""
"https://www.sofoservis.sk/en/cookie-policy","text/html; charset=utf-8","200","OK","1.1","Indexable","","https://www.sofoservis.sk/en/cookie-policy","index, follow",""
"https://www.sofoservis.sk/en/handyman-services","text/html; charset=utf-8","200","OK","1.1","Indexable","","https://www.sofoservis.sk/en/handyman-services","index, follow",""
"https://www.sofoservis.sk/en/construction-waste-removal","text/html; charset=utf-8","200","OK","1.1","Indexable","","https://www.sofoservis.sk/en/construction-waste-removal","index, follow",""
"https://www.sofoservis.sk/en/property-land-junk-removal","text/html; charset=utf-8","200","OK","1.1","Indexable","","https://www.sofoservis.sk/en/property-land-junk-removal","index, follow",""
"https://www.sofoservis.sk/en/contact","text/html; charset=utf-8","200","OK","1.1","Indexable","","https://www.sofoservis.sk/en/contact","index, follow",""
"https://www.sofoservis.sk/icons/wrench_icon.svg","image/svg+xml","200","OK","1.1","Indexable","","","",""
"https://www.sofoservis.sk/icons/document_icon.svg","image/svg+xml","200","OK","1.1","Indexable","","","",""
"https://www.sofoservis.sk/en/furniture-assembly","text/html; charset=utf-8","200","OK","1.1","Indexable","","https://www.sofoservis.sk/en/furniture-assembly","index, follow",""
"https://www.sofoservis.sk/_next/static/chunks/app/stahovanie-senica/page-903d5702ae56284d.js?dpl=dpl_3GP9ceHiL7vtr5UFShBBKPRvEpiA","application/javascript; charset=utf-8","200","OK","1.1","Indexable","","","",""
"https://www.sofoservis.sk/_next/image?url=%2Fimages%2Fstahovanie_gauc.jpg&w=3840&q=75","image/jpeg","200","OK","1.1","Indexable","","","",""
"https://www.sofoservis.sk/en/apartment-moving","text/html; charset=utf-8","200","OK","1.1","Indexable","","https://www.sofoservis.sk/en/apartment-moving","index, follow",""
"https://www.sofoservis.sk/icons/globe_icon.svg","image/svg+xml","200","OK","1.1","Indexable","","","",""
"https://www.sofoservis.sk/icons/cash_icon.svg","image/svg+xml","200","OK","1.1","Indexable","","","",""
"https://www.sofoservis.sk/icons/insurance_icon.svg","image/svg+xml","200","OK","1.1","Indexable","","","",""
"https://www.sofoservis.sk/icons/crane_icon.svg","image/svg+xml","200","OK","1.1","Indexable","","","",""
"https://www.sofoservis.sk/en/moving-senica","text/html; charset=utf-8","200","OK","1.1","Indexable","","https://www.sofoservis.sk/en/moving-senica","index, follow",""
"https://www.sofoservis.sk/vypratavanie-bratislava","text/html; charset=utf-8","200","OK","1.1","Indexable","","https://www.sofoservis.sk/vypratavanie-bratislava","index, follow",""
"https://www.sofoservis.sk/icons/container_icon.svg","image/svg+xml","200","OK","1.1","Indexable","","","",""
"https://www.sofoservis.sk/en/moving-to-budapest","text/html; charset=utf-8","200","OK","1.1","Indexable","","https://www.sofoservis.sk/en/moving-to-budapest","index, follow",""
"https://www.sofoservis.sk/en/moving-to-frankfurt","text/html; charset=utf-8","200","OK","1.1","Indexable","","https://www.sofoservis.sk/en/moving-to-frankfurt","index, follow",""
"https://www.sofoservis.sk/en/moving-to-stockholm","text/html; charset=utf-8","200","OK","1.1","Indexable","","https://www.sofoservis.sk/en/moving-to-stockholm","index, follow",""
"https://www.sofoservis.sk/en/moving-from-slovakia-to-france","text/html; charset=utf-8","200","OK","1.1","Indexable","","https://www.sofoservis.sk/en/moving-from-slovakia-to-france","index, follow",""
"https://www.sofoservis.sk/en/moving-to-warsaw","text/html; charset=utf-8","200","OK","1.1","Indexable","","https://www.sofoservis.sk/en/moving-to-warsaw","index, follow",""
"https://www.sofoservis.sk/en/moving-to-rome","text/html; charset=utf-8","200","OK","1.1","Indexable","","https://www.sofoservis.sk/en/moving-to-rome","index, follow",""
"https://www.sofoservis.sk/en/moving-to-munich","text/html; charset=utf-8","200","OK","1.1","Indexable","","https://www.sofoservis.sk/en/moving-to-munich","index, follow",""
"https://www.sofoservis.sk/en/moving-to-zurich","text/html; charset=utf-8","200","OK","1.1","Indexable","","https://www.sofoservis.sk/en/moving-to-zurich","index, follow",""
"https://www.sofoservis.sk/en/moving-to-berlin","text/html; charset=utf-8","200","OK","1.1","Indexable","","https://www.sofoservis.sk/en/moving-to-berlin","index, follow",""
"https://www.sofoservis.sk/en/moving-to-london","text/html; charset=utf-8","200","OK","1.1","Indexable","","https://www.sofoservis.sk/en/moving-to-london","index, follow",""
"https://www.sofoservis.sk/en/moving-from-slovakia-to-germany","text/html; charset=utf-8","200","OK","1.1","Indexable","","https://www.sofoservis.sk/en/moving-from-slovakia-to-germany","index, follow",""
"https://www.sofoservis.sk/en/moving-to-vienna","text/html; charset=utf-8","200","OK","1.1","Indexable","","https://www.sofoservis.sk/en/moving-to-vienna","index, follow",""
"https://www.sofoservis.sk/en/moving-from-slovakia-to-uk","text/html; charset=utf-8","200","OK","1.1","Indexable","","https://www.sofoservis.sk/en/moving-from-slovakia-to-uk","index, follow",""
"https://www.sofoservis.sk/en/moving-from-slovakia-to-sweden","text/html; charset=utf-8","200","OK","1.1","Indexable","","https://www.sofoservis.sk/en/moving-from-slovakia-to-sweden","index, follow",""
"https://www.sofoservis.sk/en/moving-from-germany-to-slovakia","text/html; charset=utf-8","200","OK","1.1","Indexable","","https://www.sofoservis.sk/en/moving-from-germany-to-slovakia","index, follow",""
"https://www.sofoservis.sk/en/moving-to-hamburg","text/html; charset=utf-8","200","OK","1.1","Indexable","","https://www.sofoservis.sk/en/moving-to-hamburg","index, follow",""
"https://www.sofoservis.sk/en/moving-to-barcelona","text/html; charset=utf-8","200","OK","1.1","Indexable","","https://www.sofoservis.sk/en/moving-to-barcelona","index, follow",""
"https://www.sofoservis.sk/en/moving-to-brussels","text/html; charset=utf-8","200","OK","1.1","Indexable","","https://www.sofoservis.sk/en/moving-to-brussels","index, follow",""
"https://www.sofoservis.sk/en/moving-from-netherlands-to-slovakia","text/html; charset=utf-8","200","OK","1.1","Indexable","","https://www.sofoservis.sk/en/moving-from-netherlands-to-slovakia","index, follow",""
"https://www.sofoservis.sk/en/moving-from-slovakia-to-switzerland","text/html; charset=utf-8","200","OK","1.1","Indexable","","https://www.sofoservis.sk/en/moving-from-slovakia-to-switzerland","index, follow",""
"https://www.sofoservis.sk/en/moving-from-slovakia-to-netherlands","text/html; charset=utf-8","200","OK","1.1","Indexable","","https://www.sofoservis.sk/en/moving-from-slovakia-to-netherlands","index, follow",""
"https://www.sofoservis.sk/en/moving-from-slovakia","text/html; charset=utf-8","200","OK","1.1","Indexable","","https://www.sofoservis.sk/en/moving-from-slovakia","index, follow",""
"https://www.sofoservis.sk/en/moving-from-slovakia-to-austria","text/html; charset=utf-8","200","OK","1.1","Indexable","","https://www.sofoservis.sk/en/moving-from-slovakia-to-austria","index, follow",""
"https://www.sofoservis.sk/en/moving-from-slovakia-to-norway","text/html; charset=utf-8","200","OK","1.1","Indexable","","https://www.sofoservis.sk/en/moving-from-slovakia-to-norway","index, follow",""
"https://www.sofoservis.sk/en/moving-to-slovakia","text/html; charset=utf-8","200","OK","1.1","Indexable","","https://www.sofoservis.sk/en/moving-to-slovakia","index, follow",""
"https://www.sofoservis.sk/en/moving-to-prague","text/html; charset=utf-8","200","OK","1.1","Indexable","","https://www.sofoservis.sk/en/moving-to-prague","index, follow",""
"https://www.sofoservis.sk/en/moving-to-dublin","text/html; charset=utf-8","200","OK","1.1","Indexable","","https://www.sofoservis.sk/en/moving-to-dublin","index, follow",""
"https://www.sofoservis.sk/en/moving-to-amsterdam","text/html; charset=utf-8","200","OK","1.1","Indexable","","https://www.sofoservis.sk/en/moving-to-amsterdam","index, follow",""
"https://www.sofoservis.sk/en/moving-from-uk-to-slovakia","text/html; charset=utf-8","200","OK","1.1","Indexable","","https://www.sofoservis.sk/en/moving-from-uk-to-slovakia","index, follow",""
"https://www.sofoservis.sk/en/moving-from-france-to-slovakia","text/html; charset=utf-8","200","OK","1.1","Indexable","","https://www.sofoservis.sk/en/moving-from-france-to-slovakia","index, follow",""
"https://www.sofoservis.sk/en/moving-from-slovakia-to-ireland","text/html; charset=utf-8","200","OK","1.1","Indexable","","https://www.sofoservis.sk/en/moving-from-slovakia-to-ireland","index, follow",""
"https://www.sofoservis.sk/_next/static/chunks/app/en/reviews/page-53159e63da586925.js?dpl=dpl_3GP9ceHiL7vtr5UFShBBKPRvEpiA","application/javascript; charset=utf-8","200","OK","1.1","Indexable","","","",""
"https://www.sofoservis.sk/en/moving-to-paris","text/html; charset=utf-8","200","OK","1.1","Indexable","","https://www.sofoservis.sk/en/moving-to-paris","index, follow",""
"https://www.sofoservis.sk/_next/static/chunks/app/en/demolition-services/page-ed840f9f0ba6c7a5.js?dpl=dpl_3GP9ceHiL7vtr5UFShBBKPRvEpiA","application/javascript; charset=utf-8","200","OK","1.1","Indexable","","","",""
"https://www.sofoservis.sk/en/moving-from-austria-to-slovakia","text/html; charset=utf-8","200","OK","1.1","Indexable","","https://www.sofoservis.sk/en/moving-from-austria-to-slovakia","index, follow",""
"https://www.sofoservis.sk/en/moving-from-usa-to-slovakia","text/html; charset=utf-8","200","OK","1.1","Indexable","","https://www.sofoservis.sk/en/moving-from-usa-to-slovakia","index, follow",""
"https://www.sofoservis.sk/_next/static/chunks/app/en/moving-heavy-loads/page-e1fd4926dbaa7f2d.js?dpl=dpl_3GP9ceHiL7vtr5UFShBBKPRvEpiA","application/javascript; charset=utf-8","200","OK","1.1","Indexable","","","",""
"https://www.sofoservis.sk/en/services/limited-access-moving","text/html; charset=utf-8","404","Not Found","1.1","Non-Indexable","Client Error","","",""
"https://www.sofoservis.sk/en/services/heavy-loads-moving","text/html; charset=utf-8","404","Not Found","1.1","Non-Indexable","Client Error","","",""
"https://www.sofoservis.sk/en/safe-moving","text/html; charset=utf-8","200","OK","1.1","Indexable","","https://www.sofoservis.sk/en/safe-moving","index, follow",""
"https://www.sofoservis.sk/_next/static/chunks/app/en/wall-demolition/page-b57db5848225f1ab.js?dpl=dpl_3GP9ceHiL7vtr5UFShBBKPRvEpiA","application/javascript; charset=utf-8","200","OK","1.1","Indexable","","","",""
"https://www.sofoservis.sk/en/upright-piano-moving","text/html; charset=utf-8","200","OK","1.1","Indexable","","https://www.sofoservis.sk/en/upright-piano-moving","index, follow",""
"https://www.sofoservis.sk/en/machinery-moving","text/html; charset=utf-8","200","OK","1.1","Indexable","","https://www.sofoservis.sk/en/machinery-moving","index, follow",""
"https://www.sofoservis.sk/_next/static/chunks/app/en/furniture-removal/page-975a563112a82e11.js?dpl=dpl_3GP9ceHiL7vtr5UFShBBKPRvEpiA","application/javascript; charset=utf-8","200","OK","1.1","Indexable","","","",""
"https://www.sofoservis.sk/en/piano-moving","text/html; charset=utf-8","200","OK","1.1","Indexable","","https://www.sofoservis.sk/en/piano-moving","index, follow",""
"https://www.sofoservis.sk/_next/static/chunks/app/en/hazardous-waste-removal/page-e93733df75a2ea0f.js?dpl=dpl_3GP9ceHiL7vtr5UFShBBKPRvEpiA","application/javascript; charset=utf-8","200","OK","1.1","Indexable","","","",""
"https://www.sofoservis.sk/_next/static/chunks/app/en/furniture-moving-removal/page-de42edc01aa45c16.js?dpl=dpl_3GP9ceHiL7vtr5UFShBBKPRvEpiA","application/javascript; charset=utf-8","200","OK","1.1","Indexable","","","",""
"https://www.sofoservis.sk/_next/static/chunks/app/en/kitchen-installation/page-9a6f1f941ab25c0b.js?dpl=dpl_3GP9ceHiL7vtr5UFShBBKPRvEpiA","application/javascript; charset=utf-8","200","OK","1.1","Indexable","","","",""
"https://www.sofoservis.sk/_next/static/chunks/app/en/clearance/page-2f174d17701d81cb.js?dpl=dpl_3GP9ceHiL7vtr5UFShBBKPRvEpiA","application/javascript; charset=utf-8","200","OK","1.1","Indexable","","","",""
"https://www.sofoservis.sk/en/office-clearance","text/html; charset=utf-8","200","OK","1.1","Indexable","","https://www.sofoservis.sk/en/office-clearance","index, follow",""
"https://www.sofoservis.sk/en/post-renovation-clearance","text/html; charset=utf-8","200","OK","1.1","Indexable","","https://www.sofoservis.sk/en/post-renovation-clearance","index, follow",""
"https://www.sofoservis.sk/en/cottage-clearance","text/html; charset=utf-8","200","OK","1.1","Indexable","","https://www.sofoservis.sk/en/cottage-clearance","index, follow",""
"https://www.sofoservis.sk/en/estate-clearance-bereavement","text/html; charset=utf-8","200","OK","1.1","Indexable","","https://www.sofoservis.sk/en/estate-clearance-bereavement","index, follow",""
"https://www.sofoservis.sk/en/international-moving","text/html; charset=utf-8","404","Not Found","1.1","Non-Indexable","Client Error","","",""
"https://www.sofoservis.sk/en/home-clearance-bratislava","text/html; charset=utf-8","200","OK","1.1","Indexable","","https://www.sofoservis.sk/en/home-clearance-bratislava","index, follow",""
"https://www.sofoservis.sk/_next/static/chunks/app/en/pricing/page-0c2b647183e91fa0.js?dpl=dpl_3GP9ceHiL7vtr5UFShBBKPRvEpiA","application/javascript; charset=utf-8","200","OK","1.1","Indexable","","","",""
"https://www.sofoservis.sk/en/basement-garage-clearance","text/html","308","Permanent Redirect","1.1","Non-Indexable","Redirected","","",""
"https://www.sofoservis.sk/_next/static/chunks/app/en/basement-garage-junk-removal/page-d1f08aa5f4d6c003.js?dpl=dpl_3GP9ceHiL7vtr5UFShBBKPRvEpiA","application/javascript; charset=utf-8","200","OK","1.1","Indexable","","","",""
"https://www.sofoservis.sk/en/furniture-assembly-bratislava","text/html; charset=utf-8","200","OK","1.1","Indexable","","https://www.sofoservis.sk/en/furniture-assembly-bratislava","index, follow",""
"https://www.sofoservis.sk/_next/static/chunks/app/stahovanie-stare-mesto/page-970f9eccf3255c5a.js?dpl=dpl_3GP9ceHiL7vtr5UFShBBKPRvEpiA","application/javascript; charset=utf-8","200","OK","1.1","Indexable","","","",""
"https://www.sofoservis.sk/_next/static/chunks/app/stahovanie-ruzinov/page-3f7df2f0aae7a55a.js?dpl=dpl_3GP9ceHiL7vtr5UFShBBKPRvEpiA","application/javascript; charset=utf-8","200","OK","1.1","Indexable","","","",""
"https://www.sofoservis.sk/_next/static/chunks/app/stahovanie-dubravka/page-e5eebe13783a42ab.js?dpl=dpl_3GP9ceHiL7vtr5UFShBBKPRvEpiA","application/javascript; charset=utf-8","200","OK","1.1","Indexable","","","",""
"https://www.sofoservis.sk/_next/static/chunks/app/stahovanie-petrzalka/page-3a7e4d30571590c7.js?dpl=dpl_3GP9ceHiL7vtr5UFShBBKPRvEpiA","application/javascript; charset=utf-8","200","OK","1.1","Indexable","","","",""
"https://www.sofoservis.sk/_next/static/chunks/app/stahovanie-nove-mesto/page-e5a08c4b47acfbff.js?dpl=dpl_3GP9ceHiL7vtr5UFShBBKPRvEpiA","application/javascript; charset=utf-8","200","OK","1.1","Indexable","","","",""
"https://www.sofoservis.sk/_next/static/chunks/app/stahovanie-karlova-ves/page-65cc3a7e63d5d17f.js?dpl=dpl_3GP9ceHiL7vtr5UFShBBKPRvEpiA","application/javascript; charset=utf-8","200","OK","1.1","Indexable","","","",""
"https://www.sofoservis.sk/_next/static/chunks/app/en/moving-bratislava/page-05da1f3397c31009.js?dpl=dpl_3GP9ceHiL7vtr5UFShBBKPRvEpiA","application/javascript; charset=utf-8","200","OK","1.1","Indexable","","","",""
"https://www.sofoservis.sk/_next/static/chunks/app/buracie-demolacne-prace/page-9e20d7dc7b32df99.js?dpl=dpl_3GP9ceHiL7vtr5UFShBBKPRvEpiA","application/javascript; charset=utf-8","200","OK","1.1","Indexable","","","",""
"https://www.sofoservis.sk/buracie-demolacne-prace/trnava","text/html; charset=utf-8","200","OK","1.1","Indexable","","https://www.sofoservis.sk/buracie-demolacne-prace/trnava","index, follow",""
"https://www.sofoservis.sk/_next/static/chunks/app/en/moving-piestany/page-28a199863c853036.js?dpl=dpl_3GP9ceHiL7vtr5UFShBBKPRvEpiA","application/javascript; charset=utf-8","200","OK","1.1","Indexable","","","",""
"https://www.sofoservis.sk/buracie-demolacne-prace/pezinok","text/html; charset=utf-8","200","OK","1.1","Indexable","","https://www.sofoservis.sk/buracie-demolacne-prace/pezinok","index, follow",""
"https://www.sofoservis.sk/_next/static/chunks/app/en/moving-sala/page-65972b0db9840bb9.js?dpl=dpl_3GP9ceHiL7vtr5UFShBBKPRvEpiA","application/javascript; charset=utf-8","200","OK","1.1","Indexable","","","",""
"https://www.sofoservis.sk/_next/static/chunks/app/en/moving-malacky/page-6d36400e72df95e7.js?dpl=dpl_3GP9ceHiL7vtr5UFShBBKPRvEpiA","application/javascript; charset=utf-8","200","OK","1.1","Indexable","","","",""
"https://www.sofoservis.sk/buracie-demolacne-prace/nitra","text/html; charset=utf-8","200","OK","1.1","Indexable","","https://www.sofoservis.sk/buracie-demolacne-prace/nitra","index, follow",""
"https://www.sofoservis.sk/_next/static/chunks/app/hodinovy-manzel-majster/piestany/page-1f677a4565c6b1ed.js?dpl=dpl_3GP9ceHiL7vtr5UFShBBKPRvEpiA","application/javascript; charset=utf-8","200","OK","1.1","Indexable","","","",""
"https://www.sofoservis.sk/_next/static/chunks/app/stahovanie-trezorov/page-c9e8c60b591a4d79.js?dpl=dpl_3GP9ceHiL7vtr5UFShBBKPRvEpiA","application/javascript; charset=utf-8","200","OK","1.1","Indexable","","","",""
"https://www.sofoservis.sk/_next/static/chunks/app/stahovanie-klavira/page-f8175d2572685668.js?dpl=dpl_3GP9ceHiL7vtr5UFShBBKPRvEpiA","application/javascript; charset=utf-8","200","OK","1.1","Indexable","","","",""
"https://www.sofoservis.sk/stahovanie-pianina","text/html; charset=utf-8","200","OK","1.1","Indexable","","https://www.sofoservis.sk/stahovanie-pianina","index, follow",""
"https://www.sofoservis.sk/_next/static/chunks/app/hodinovy-manzel-majster/bratislava/page-0421856372c1c30d.js?dpl=dpl_3GP9ceHiL7vtr5UFShBBKPRvEpiA","application/javascript; charset=utf-8","200","OK","1.1","Indexable","","","",""
"https://www.sofoservis.sk/_next/static/chunks/app/stahovanie-strojov-zariadeni/page-9ec3edc0a5a7fbb6.js?dpl=dpl_3GP9ceHiL7vtr5UFShBBKPRvEpiA","application/javascript; charset=utf-8","200","OK","1.1","Indexable","","","",""
"https://www.sofoservis.sk/en/handyman-piestany","text/html; charset=utf-8","200","OK","1.1","Indexable","","https://www.sofoservis.sk/en/handyman-piestany","index, follow",""
"https://www.sofoservis.sk/_next/static/chunks/app/hodinovy-manzel-majster/nitra/page-74ce8deea0ee5151.js?dpl=dpl_3GP9ceHiL7vtr5UFShBBKPRvEpiA","application/javascript; charset=utf-8","200","OK","1.1","Indexable","","","",""
"https://www.sofoservis.sk/en/handyman-bratislava","text/html; charset=utf-8","200","OK","1.1","Indexable","","https://www.sofoservis.sk/en/handyman-bratislava","index, follow",""
"https://www.sofoservis.sk/en/handyman-nitra","text/html; charset=utf-8","200","OK","1.1","Indexable","","https://www.sofoservis.sk/en/handyman-nitra","index, follow",""
"https://www.sofoservis.sk/en/handyman-galanta","text/html; charset=utf-8","200","OK","1.1","Indexable","","https://www.sofoservis.sk/en/handyman-galanta","index, follow",""
"https://www.sofoservis.sk/_next/static/chunks/app/hodinovy-manzel-majster/galanta/page-e93a8a7b35b9b3b1.js?dpl=dpl_3GP9ceHiL7vtr5UFShBBKPRvEpiA","application/javascript; charset=utf-8","200","OK","1.1","Indexable","","","",""
"https://www.sofoservis.sk/_next/static/chunks/app/hodinovy-manzel-majster/sala/page-063ea0fd34a81732.js?dpl=dpl_3GP9ceHiL7vtr5UFShBBKPRvEpiA","application/javascript; charset=utf-8","200","OK","1.1","Indexable","","","",""
"https://www.sofoservis.sk/icons/plumbing_icon.svg","image/svg+xml","200","OK","1.1","Indexable","","","",""
"https://www.sofoservis.sk/_next/static/chunks/app/hodinovy-manzel-majster/trnava/page-54928844664edb7b.js?dpl=dpl_3GP9ceHiL7vtr5UFShBBKPRvEpiA","application/javascript; charset=utf-8","200","OK","1.1","Indexable","","","",""
"https://www.sofoservis.sk/en/handyman-sala","text/html; charset=utf-8","200","OK","1.1","Indexable","","https://www.sofoservis.sk/en/handyman-sala","index, follow",""
"https://www.sofoservis.sk/_next/static/chunks/app/hodinovy-manzel-majster/levice/page-6dfd54e6d03450ee.js?dpl=dpl_3GP9ceHiL7vtr5UFShBBKPRvEpiA","application/javascript; charset=utf-8","200","OK","1.1","Indexable","","","",""
"https://www.sofoservis.sk/_next/static/chunks/app/en/moving-hlohovec/page-148f36c554c4bf71.js?dpl=dpl_3GP9ceHiL7vtr5UFShBBKPRvEpiA","application/javascript; charset=utf-8","200","OK","1.1","Indexable","","","",""
"https://www.sofoservis.sk/en/old-furniture-removal-bratislava","text/html; charset=utf-8","200","OK","1.1","Indexable","","https://www.sofoservis.sk/en/old-furniture-removal-bratislava","index, follow",""
"https://www.sofoservis.sk/en/handyman-trnava","text/html; charset=utf-8","200","OK","1.1","Indexable","","https://www.sofoservis.sk/en/handyman-trnava","index, follow",""
"https://www.sofoservis.sk/_next/static/chunks/app/blog/%5Bslug%5D/page-a5b01364924e8eb5.js?dpl=dpl_3GP9ceHiL7vtr5UFShBBKPRvEpiA","application/javascript; charset=utf-8","200","OK","1.1","Indexable","","","",""
"https://www.sofoservis.sk/en/handyman-levice","text/html; charset=utf-8","200","OK","1.1","Indexable","","https://www.sofoservis.sk/en/handyman-levice","index, follow",""
"https://www.sofoservis.sk/_next/static/chunks/app/vypratavanie-odvoz-stareho-nabytku/bratislava/page-9e349d91e3383389.js?dpl=dpl_3GP9ceHiL7vtr5UFShBBKPRvEpiA","application/javascript; charset=utf-8","200","OK","1.1","Indexable","","","",""
"https://www.sofoservis.sk/_next/static/chunks/app/en/moving-komarno/page-8cc3235e178a1a80.js?dpl=dpl_3GP9ceHiL7vtr5UFShBBKPRvEpiA","application/javascript; charset=utf-8","200","OK","1.1","Indexable","","","",""
"https://www.sofoservis.sk/_next/static/chunks/app/en/moving-levice/page-d72d71f8809b69b0.js?dpl=dpl_3GP9ceHiL7vtr5UFShBBKPRvEpiA","application/javascript; charset=utf-8","200","OK","1.1","Indexable","","","",""
"https://www.sofoservis.sk/_next/static/chunks/app/en/moving-galanta/page-c7000cc0ba3e0947.js?dpl=dpl_3GP9ceHiL7vtr5UFShBBKPRvEpiA","application/javascript; charset=utf-8","200","OK","1.1","Indexable","","","",""
"https://www.sofoservis.sk/_next/static/chunks/app/en/moving-senec/page-4aeeb47f811f695d.js?dpl=dpl_3GP9ceHiL7vtr5UFShBBKPRvEpiA","application/javascript; charset=utf-8","200","OK","1.1","Indexable","","","",""
"https://www.sofoservis.sk/_next/static/chunks/app/vypratavanie-malacky/page-fa7b88e07a985610.js?dpl=dpl_3GP9ceHiL7vtr5UFShBBKPRvEpiA","application/javascript; charset=utf-8","200","OK","1.1","Indexable","","","",""
"https://www.sofoservis.sk/_next/static/chunks/app/vypratavanie-piestany/page-7a7aa53639572f40.js?dpl=dpl_3GP9ceHiL7vtr5UFShBBKPRvEpiA","application/javascript; charset=utf-8","200","OK","1.1","Indexable","","","",""
"https://www.sofoservis.sk/_next/static/chunks/app/en/moving-nitra/page-eb30cbfab96504f1.js?dpl=dpl_3GP9ceHiL7vtr5UFShBBKPRvEpiA","application/javascript; charset=utf-8","200","OK","1.1","Indexable","","","",""
"https://www.sofoservis.sk/_next/static/chunks/app/vypratavanie-hlohovec/page-2c39f9c4e3fe4839.js?dpl=dpl_3GP9ceHiL7vtr5UFShBBKPRvEpiA","application/javascript; charset=utf-8","200","OK","1.1","Indexable","","","",""
"https://www.sofoservis.sk/_next/static/chunks/app/vypratavanie-nitra/page-d5e5edd9d94cf09b.js?dpl=dpl_3GP9ceHiL7vtr5UFShBBKPRvEpiA","application/javascript; charset=utf-8","200","OK","1.1","Indexable","","","",""
"https://www.sofoservis.sk/_next/static/chunks/app/vypratavanie-levice/page-5b00e227bd9cdf8e.js?dpl=dpl_3GP9ceHiL7vtr5UFShBBKPRvEpiA","application/javascript; charset=utf-8","200","OK","1.1","Indexable","","","",""
"https://www.sofoservis.sk/_next/static/chunks/app/vypratavanie-chalupy/page-19489139bca64a49.js?dpl=dpl_3GP9ceHiL7vtr5UFShBBKPRvEpiA","application/javascript; charset=utf-8","200","OK","1.1","Indexable","","","",""
"https://www.sofoservis.sk/_next/static/chunks/app/vypratavanie-senica/page-3ddbd74daa485b07.js?dpl=dpl_3GP9ceHiL7vtr5UFShBBKPRvEpiA","application/javascript; charset=utf-8","200","OK","1.1","Indexable","","","",""
"https://www.sofoservis.sk/_next/static/chunks/app/vypratavanie-kancelarii/page-9a6bcbd95746b3c1.js?dpl=dpl_3GP9ceHiL7vtr5UFShBBKPRvEpiA","application/javascript; charset=utf-8","200","OK","1.1","Indexable","","","",""
"https://www.sofoservis.sk/_next/static/chunks/app/vypratavanie-trnava/page-544a59d10f454c50.js?dpl=dpl_3GP9ceHiL7vtr5UFShBBKPRvEpiA","application/javascript; charset=utf-8","200","OK","1.1","Indexable","","","",""
"https://www.sofoservis.sk/_next/static/chunks/app/vypratavanie-pezinok/page-6ab5df0f91091616.js?dpl=dpl_3GP9ceHiL7vtr5UFShBBKPRvEpiA","application/javascript; charset=utf-8","200","OK","1.1","Indexable","","","",""
"https://www.sofoservis.sk/_next/static/chunks/app/vypratavanie-galanta/page-7541a234e326030f.js?dpl=dpl_3GP9ceHiL7vtr5UFShBBKPRvEpiA","application/javascript; charset=utf-8","200","OK","1.1","Indexable","","","",""
"https://www.sofoservis.sk/_next/static/chunks/app/vypratavanie-stupava/page-87e78c9095ed867b.js?dpl=dpl_3GP9ceHiL7vtr5UFShBBKPRvEpiA","application/javascript; charset=utf-8","200","OK","1.1","Indexable","","","",""
"https://www.sofoservis.sk/_next/static/chunks/app/vypratavanie-komarno/page-d6f92637481ce011.js?dpl=dpl_3GP9ceHiL7vtr5UFShBBKPRvEpiA","application/javascript; charset=utf-8","200","OK","1.1","Indexable","","","",""
"https://www.sofoservis.sk/_next/static/chunks/app/vypratavanie-senec/page-6da7f33d2328d218.js?dpl=dpl_3GP9ceHiL7vtr5UFShBBKPRvEpiA","application/javascript; charset=utf-8","200","OK","1.1","Indexable","","","",""
"https://www.sofoservis.sk/_next/static/chunks/app/vypratavanie-samorin/page-c0b9161e87ac0b2d.js?dpl=dpl_3GP9ceHiL7vtr5UFShBBKPRvEpiA","application/javascript; charset=utf-8","200","OK","1.1","Indexable","","","",""
"https://www.sofoservis.sk/_next/static/chunks/app/vypratavanie-pozostalosti/page-c829c14ca7815d06.js?dpl=dpl_3GP9ceHiL7vtr5UFShBBKPRvEpiA","application/javascript; charset=utf-8","200","OK","1.1","Indexable","","","",""
"https://www.sofoservis.sk/_next/static/chunks/app/vypratavanie-po-rekonstrukcii/page-bd52ecff47d622e7.js?dpl=dpl_3GP9ceHiL7vtr5UFShBBKPRvEpiA","application/javascript; charset=utf-8","200","OK","1.1","Indexable","","","",""
"https://www.sofoservis.sk/_next/static/chunks/app/odvoz-likvidacia-stavebneho-odpadu/nitra/page-22b97907e477c096.js?dpl=dpl_3GP9ceHiL7vtr5UFShBBKPRvEpiA","application/javascript; charset=utf-8","200","OK","1.1","Indexable","","","",""
"https://www.sofoservis.sk/_next/static/chunks/app/odvoz-likvidacia-stavebneho-odpadu/trnava/page-9b4a4e5e75c8b891.js?dpl=dpl_3GP9ceHiL7vtr5UFShBBKPRvEpiA","application/javascript; charset=utf-8","200","OK","1.1","Indexable","","","",""
"https://www.sofoservis.sk/_next/static/chunks/app/odvoz-likvidacia-stavebneho-odpadu/senica/page-b1be19c67f9390af.js?dpl=dpl_3GP9ceHiL7vtr5UFShBBKPRvEpiA","application/javascript; charset=utf-8","200","OK","1.1","Indexable","","","",""
"https://www.sofoservis.sk/en/construction-waste-removal-nitra","text/html; charset=utf-8","200","OK","1.1","Indexable","","https://www.sofoservis.sk/en/construction-waste-removal-nitra","index, follow",""
"https://www.sofoservis.sk/en/construction-waste-removal-trnava","text/html; charset=utf-8","200","OK","1.1","Indexable","","https://www.sofoservis.sk/en/construction-waste-removal-trnava","index, follow",""
"https://www.sofoservis.sk/en/construction-waste-removal-senica","text/html; charset=utf-8","200","OK","1.1","Indexable","","https://www.sofoservis.sk/en/construction-waste-removal-senica","index, follow",""
"https://www.sofoservis.sk/_next/static/chunks/app/odvoz-likvidacia-stavebneho-odpadu/galanta/page-d5c31da66b19eff7.js?dpl=dpl_3GP9ceHiL7vtr5UFShBBKPRvEpiA","application/javascript; charset=utf-8","200","OK","1.1","Indexable","","","",""
"https://www.sofoservis.sk/_next/static/chunks/app/odvoz-likvidacia-stavebneho-odpadu/hlohovec/page-59eaac3c2898d702.js?dpl=dpl_3GP9ceHiL7vtr5UFShBBKPRvEpiA","application/javascript; charset=utf-8","200","OK","1.1","Indexable","","","",""
"https://www.sofoservis.sk/_next/static/chunks/app/odvoz-likvidacia-stavebneho-odpadu/senec/page-997f0245c56666c9.js?dpl=dpl_3GP9ceHiL7vtr5UFShBBKPRvEpiA","application/javascript; charset=utf-8","200","OK","1.1","Indexable","","","",""
"https://www.sofoservis.sk/en/construction-waste-removal-hlohovec","text/html; charset=utf-8","200","OK","1.1","Indexable","","https://www.sofoservis.sk/en/construction-waste-removal-hlohovec","index, follow",""
"https://www.sofoservis.sk/en/construction-waste-removal-galanta","text/html; charset=utf-8","200","OK","1.1","Indexable","","https://www.sofoservis.sk/en/construction-waste-removal-galanta","index, follow",""
"https://www.sofoservis.sk/_next/static/chunks/app/odvoz-likvidacia-stavebneho-odpadu/bratislava/page-2abad2e3bc0d4c8c.js?dpl=dpl_3GP9ceHiL7vtr5UFShBBKPRvEpiA","application/javascript; charset=utf-8","200","OK","1.1","Indexable","","","",""
"https://www.sofoservis.sk/_next/static/chunks/app/en/moving-pezinok/page-20a9801d36690707.js?dpl=dpl_3GP9ceHiL7vtr5UFShBBKPRvEpiA","application/javascript; charset=utf-8","200","OK","1.1","Indexable","","","",""
"https://www.sofoservis.sk/buracie-demolacne-prace/bratislava","text/html; charset=utf-8","200","OK","1.1","Indexable","","https://www.sofoservis.sk/buracie-demolacne-prace/bratislava","index, follow",""
"https://www.sofoservis.sk/en/construction-waste-removal-senec","text/html; charset=utf-8","200","OK","1.1","Indexable","","https://www.sofoservis.sk/en/construction-waste-removal-senec","index, follow",""
"https://www.sofoservis.sk/_next/static/chunks/app/medzinarodne-stahovanie/varsava/page-8dae24f48baf462a.js?dpl=dpl_3GP9ceHiL7vtr5UFShBBKPRvEpiA","application/javascript; charset=utf-8","200","OK","1.1","Indexable","","","",""
"https://www.sofoservis.sk/_next/static/chunks/app/medzinarodne-stahovanie/anglicko/page-3a72da0085a62406.js?dpl=dpl_3GP9ceHiL7vtr5UFShBBKPRvEpiA","application/javascript; charset=utf-8","200","OK","1.1","Indexable","","","",""
"https://www.sofoservis.sk/en/construction-waste-removal-bratislava","text/html; charset=utf-8","200","OK","1.1","Indexable","","https://www.sofoservis.sk/en/construction-waste-removal-bratislava","index, follow",""
"https://www.sofoservis.sk/_next/static/chunks/app/medzinarodne-stahovanie/mnichov/page-c8d141046ca5084a.js?dpl=dpl_3GP9ceHiL7vtr5UFShBBKPRvEpiA","application/javascript; charset=utf-8","200","OK","1.1","Indexable","","","",""
"https://www.sofoservis.sk/_next/static/chunks/app/medzinarodne-stahovanie/svajciarsko/page-ba2cbb8974aeaeb7.js?dpl=dpl_3GP9ceHiL7vtr5UFShBBKPRvEpiA","application/javascript; charset=utf-8","200","OK","1.1","Indexable","","","",""
"https://www.sofoservis.sk/_next/static/chunks/app/medzinarodne-stahovanie/rakusko/page-6c055173e0f29902.js?dpl=dpl_3GP9ceHiL7vtr5UFShBBKPRvEpiA","application/javascript; charset=utf-8","200","OK","1.1","Indexable","","","",""
"https://www.sofoservis.sk/_next/static/chunks/app/medzinarodne-stahovanie/vieden/page-6322cdc345f285c9.js?dpl=dpl_3GP9ceHiL7vtr5UFShBBKPRvEpiA","application/javascript; charset=utf-8","200","OK","1.1","Indexable","","","",""
"https://www.sofoservis.sk/_next/static/chunks/app/medzinarodne-stahovanie/madarsko/page-3766ebf80e2d41e0.js?dpl=dpl_3GP9ceHiL7vtr5UFShBBKPRvEpiA","application/javascript; charset=utf-8","200","OK","1.1","Indexable","","","",""
"https://www.sofoservis.sk/_next/static/chunks/app/medzinarodne-stahovanie/londyn/page-2ef93caf9900d36f.js?dpl=dpl_3GP9ceHiL7vtr5UFShBBKPRvEpiA","application/javascript; charset=utf-8","200","OK","1.1","Indexable","","","",""
"https://www.sofoservis.sk/_next/static/chunks/app/medzinarodne-stahovanie/berlin/page-8dcb3d87e3fb9774.js?dpl=dpl_3GP9ceHiL7vtr5UFShBBKPRvEpiA","application/javascript; charset=utf-8","200","OK","1.1","Indexable","","","",""
"https://www.sofoservis.sk/_next/static/chunks/app/medzinarodne-stahovanie/francuzsko/page-1df61b3882b61881.js?dpl=dpl_3GP9ceHiL7vtr5UFShBBKPRvEpiA","application/javascript; charset=utf-8","200","OK","1.1","Indexable","","","",""
"https://www.sofoservis.sk/_next/static/chunks/app/medzinarodne-stahovanie/amsterdam/page-a74a2d2156aa4a27.js?dpl=dpl_3GP9ceHiL7vtr5UFShBBKPRvEpiA","application/javascript; charset=utf-8","200","OK","1.1","Indexable","","","",""
"https://www.sofoservis.sk/_next/static/chunks/app/medzinarodne-stahovanie/ceska-republika/page-79249c026a60e83d.js?dpl=dpl_3GP9ceHiL7vtr5UFShBBKPRvEpiA","application/javascript; charset=utf-8","200","OK","1.1","Indexable","","","",""
"https://www.sofoservis.sk/_next/static/chunks/app/medzinarodne-stahovanie/brusel/page-ac72571cd29c77d0.js?dpl=dpl_3GP9ceHiL7vtr5UFShBBKPRvEpiA","application/javascript; charset=utf-8","200","OK","1.1","Indexable","","","",""
"https://www.sofoservis.sk/_next/static/chunks/app/medzinarodne-stahovanie/polsko/page-4d9d644e8bcddc08.js?dpl=dpl_3GP9ceHiL7vtr5UFShBBKPRvEpiA","application/javascript; charset=utf-8","200","OK","1.1","Indexable","","","",""
"https://www.sofoservis.sk/_next/static/chunks/app/medzinarodne-stahovanie/taliansko/page-48938df99e23320c.js?dpl=dpl_3GP9ceHiL7vtr5UFShBBKPRvEpiA","application/javascript; charset=utf-8","200","OK","1.1","Indexable","","","",""
"https://www.sofoservis.sk/_next/static/chunks/app/medzinarodne-stahovanie/irsko/page-16d7b5bf18bd91b9.js?dpl=dpl_3GP9ceHiL7vtr5UFShBBKPRvEpiA","application/javascript; charset=utf-8","200","OK","1.1","Indexable","","","",""
"https://www.sofoservis.sk/_next/static/chunks/app/medzinarodne-stahovanie/dansko/page-581531d1e14b5f8f.js?dpl=dpl_3GP9ceHiL7vtr5UFShBBKPRvEpiA","application/javascript; charset=utf-8","200","OK","1.1","Indexable","","","",""
"https://www.sofoservis.sk/_next/static/chunks/app/medzinarodne-stahovanie/hamburg/page-97db5d609ddd9335.js?dpl=dpl_3GP9ceHiL7vtr5UFShBBKPRvEpiA","application/javascript; charset=utf-8","200","OK","1.1","Indexable","","","",""
"https://www.sofoservis.sk/_next/static/chunks/app/stahovanie-zo-slovenska/page-e8fee42fa144ff44.js?dpl=dpl_3GP9ceHiL7vtr5UFShBBKPRvEpiA","application/javascript; charset=utf-8","200","OK","1.1","Indexable","","","",""
"https://www.sofoservis.sk/_next/static/chunks/app/medzinarodne-stahovanie/brno/page-b791b85c52fcfeb2.js?dpl=dpl_3GP9ceHiL7vtr5UFShBBKPRvEpiA","application/javascript; charset=utf-8","200","OK","1.1","Indexable","","","",""
"https://www.sofoservis.sk/_next/static/chunks/app/medzinarodne-stahovanie/nemecko/page-d891f9e16aed968d.js?dpl=dpl_3GP9ceHiL7vtr5UFShBBKPRvEpiA","application/javascript; charset=utf-8","200","OK","1.1","Indexable","","","",""
"https://www.sofoservis.sk/_next/static/chunks/app/medzinarodne-stahovanie/belgicko/page-c0a317acf9756816.js?dpl=dpl_3GP9ceHiL7vtr5UFShBBKPRvEpiA","application/javascript; charset=utf-8","200","OK","1.1","Indexable","","","",""
"https://www.sofoservis.sk/_next/static/chunks/app/medzinarodne-stahovanie/budapest/page-7bcd457746b179b0.js?dpl=dpl_3GP9ceHiL7vtr5UFShBBKPRvEpiA","application/javascript; charset=utf-8","200","OK","1.1","Indexable","","","",""
"https://www.sofoservis.sk/_next/static/chunks/app/medzinarodne-stahovanie/pariz/page-15c5b5018c137d30.js?dpl=dpl_3GP9ceHiL7vtr5UFShBBKPRvEpiA","application/javascript; charset=utf-8","200","OK","1.1","Indexable","","","",""
"https://www.sofoservis.sk/_next/static/chunks/app/stahovanie-na-slovensko/page-9f32962d8ea96e6b.js?dpl=dpl_3GP9ceHiL7vtr5UFShBBKPRvEpiA","application/javascript; charset=utf-8","200","OK","1.1","Indexable","","","",""
"https://www.sofoservis.sk/stahovanie-z-francuzska-na-slovensko","text/html; charset=utf-8","200","OK","1.1","Indexable","","https://www.sofoservis.sk/stahovanie-z-francuzska-na-slovensko","index, follow",""
"https://www.sofoservis.sk/stahovanie-z-rakuska-na-slovensko","text/html; charset=utf-8","200","OK","1.1","Indexable","","https://www.sofoservis.sk/stahovanie-z-rakuska-na-slovensko","index, follow",""
"https://www.sofoservis.sk/stahovanie-z-holandska-na-slovensko","text/html; charset=utf-8","200","OK","1.1","Indexable","","https://www.sofoservis.sk/stahovanie-z-holandska-na-slovensko","index, follow",""
"https://www.sofoservis.sk/stahovanie-z-nemecka-na-slovensko","text/html; charset=utf-8","200","OK","1.1","Indexable","","https://www.sofoservis.sk/stahovanie-z-nemecka-na-slovensko","index, follow",""
"https://www.sofoservis.sk/_next/static/chunks/app/medzinarodne-stahovanie/norsko/page-0e5f9d74efef154d.js?dpl=dpl_3GP9ceHiL7vtr5UFShBBKPRvEpiA","application/javascript; charset=utf-8","200","OK","1.1","Indexable","","","",""
"https://www.sofoservis.sk/stahovanie-z-anglie-na-slovensko","text/html; charset=utf-8","200","OK","1.1","Indexable","","https://www.sofoservis.sk/stahovanie-z-anglie-na-slovensko","index, follow",""
"https://www.sofoservis.sk/_next/static/chunks/app/medzinarodne-stahovanie/dublin/page-ea00fae9dfc660f5.js?dpl=dpl_3GP9ceHiL7vtr5UFShBBKPRvEpiA","application/javascript; charset=utf-8","200","OK","1.1","Indexable","","","",""
"https://www.sofoservis.sk/_next/static/chunks/app/medzinarodne-stahovanie/frankfurt/page-cbe40937c624f5b3.js?dpl=dpl_3GP9ceHiL7vtr5UFShBBKPRvEpiA","application/javascript; charset=utf-8","200","OK","1.1","Indexable","","","",""
"https://www.sofoservis.sk/stahovanie-z-usa-na-slovensko","text/html; charset=utf-8","200","OK","1.1","Indexable","","https://www.sofoservis.sk/stahovanie-z-usa-na-slovensko","index, follow",""
"https://www.sofoservis.sk/_next/static/chunks/app/medzinarodne-stahovanie/zurich/page-9352886852b49b33.js?dpl=dpl_3GP9ceHiL7vtr5UFShBBKPRvEpiA","application/javascript; charset=utf-8","200","OK","1.1","Indexable","","","",""
"https://www.sofoservis.sk/_next/static/chunks/app/medzinarodne-stahovanie/spanielsko/page-98cfd3ddd521f859.js?dpl=dpl_3GP9ceHiL7vtr5UFShBBKPRvEpiA","application/javascript; charset=utf-8","200","OK","1.1","Indexable","","","",""
"https://www.sofoservis.sk/_next/static/chunks/app/medzinarodne-stahovanie/holandsko/page-9681ae9ae1d407f7.js?dpl=dpl_3GP9ceHiL7vtr5UFShBBKPRvEpiA","application/javascript; charset=utf-8","200","OK","1.1","Indexable","","","",""
"https://www.sofoservis.sk/_next/static/chunks/app/medzinarodne-stahovanie/praha/page-94a9d66ce596331b.js?dpl=dpl_3GP9ceHiL7vtr5UFShBBKPRvEpiA","application/javascript; charset=utf-8","200","OK","1.1","Indexable","","","",""
"https://www.sofoservis.sk/_next/static/chunks/app/en/moving-samorin/page-affd8beec52c88f3.js?dpl=dpl_3GP9ceHiL7vtr5UFShBBKPRvEpiA","application/javascript; charset=utf-8","200","OK","1.1","Indexable","","","",""
"https://www.sofoservis.sk/_next/static/chunks/app/en/moving-trnava/page-e71175536a994ca3.js?dpl=dpl_3GP9ceHiL7vtr5UFShBBKPRvEpiA","application/javascript; charset=utf-8","200","OK","1.1","Indexable","","","",""
"https://www.sofoservis.sk/_next/static/chunks/app/medzinarodne-stahovanie/svedsko/page-0114f3579210e25d.js?dpl=dpl_3GP9ceHiL7vtr5UFShBBKPRvEpiA","application/javascript; charset=utf-8","200","OK","1.1","Indexable","","","",""
"https://www.sofoservis.sk/en/home-clearance","text/html","308","Permanent Redirect","1.1","Non-Indexable","Redirected","","",""
"https://www.sofoservis.sk/_next/static/chunks/app/en/moving-stupava/page-c485d15cf16fdca4.js?dpl=dpl_3GP9ceHiL7vtr5UFShBBKPRvEpiA","application/javascript; charset=utf-8","200","OK","1.1","Indexable","","","",""
